"Label","M152, 2D-AR trawl sel","M146, pre-STAR base"
"N.Parms",1474,114
"TOTAL",3860.18,2620.26
"Survey",24.637,24.5754
"Length_comp",531.005,569.086
"Age_comp",2006.22,2002.35
"Recruitment",23.1952,24.1847
"Parm_priors",0.0553835,0.052763
"NatM_uniform_Fem_GP_1",0.171054,0.170632
"L_at_Amax_Fem_GP_1",47.98,48.1693
"VonBert_K_Fem_GP_1",0.195294,0.193995
"CV_young_Fem_GP_1",0.105324,0.108403
"CV_old_Fem_GP_1",0.0383776,0.0378172
"NatM_uniform_Mal_GP_1",0.260507,0.265634
"L_at_Amax_Mal_GP_1",-0.342457,-0.332921
"VonBert_K_Mal_GP_1",0.585492,0.539875
"CV_young_Mal_GP_1",-0.091854,0.202977
"CV_old_Mal_GP_1",0.508295,0.111547
"SR_LN(R0)",10.2355,10.2399
"Q_extraSD_CalCOFI_Survey(11)",0.314116,0.313346
"Q_extraSD_RREAS_YOY_Survey(12)",1.252,1.23395
"Size_DblN_peak_NoCA_HKL(1)",42.0331,41.2543
"Size_DblN_ascend_se_NoCA_HKL(1)",4.48089,4.43802
"Size_DblN_descend_se_NoCA_HKL(1)",5.63964,5.04207
"Size_DblN_peak_SoCA_HKL(2)",24.2479,24.2445
"Size_DblN_ascend_se_SoCA_HKL(2)",1.38314,1.40305
"Size_DblN_descend_se_SoCA_HKL(2)",5.82998,5.76629
"Size_inflection_CA_TWL(3)",32.1903,NA
"Size_95%width_CA_TWL(3)",6.5686,NA
"Size_DblN_peak_OR_WA_Comm(4)",41.6988,42.0433
"Size_DblN_ascend_se_OR_WA_Comm(4)",4.41022,4.49554
"Size_DblN_peak_CA_NET(5)",47.0821,45.9693
"Size_DblN_ascend_se_CA_NET(5)",4.39277,4.32086
"Size_DblN_descend_se_CA_NET(5)",6.58365,3.6855
"Size_DblN_peak_NoCA_OR_WA_Rec(6)",44.337,43.5026
"Size_DblN_ascend_se_NoCA_OR_WA_Rec(6)",5.12915,5.09927
"Size_DblN_descend_se_NoCA_OR_WA_Rec(6)",4.69698,4.37314
"Size_DblN_peak_SoCA_Rec(7)",24.6351,24.6727
"Size_DblN_ascend_se_SoCA_Rec(7)",2.93243,2.91997
"Size_DblN_descend_se_SoCA_Rec(7)",3.19035,3.35209
"Size_DblN_end_logit_SoCA_Rec(7)",-1.01786,-1.13513
"Size_DblN_peak_TWL_discard(8)",29.5297,29.5005
"Size_DblN_ascend_se_TWL_discard(8)",4.21524,4.17252
"Size_DblN_descend_se_TWL_discard(8)",3.26734,3.20254
"Size_DblN_peak_NoCA_HKL(1)_BLK1repl_1875",51.2366,50.291
"Size_DblN_ascend_se_NoCA_HKL(1)_BLK1repl_1875",4.11482,4.05288
"Size_DblN_peak_SoCA_HKL(2)_BLK2repl_1875",49.4206,47.5625
"Size_DblN_ascend_se_SoCA_HKL(2)_BLK2repl_1875",4.82722,4.73429
"Size_DblN_peak_SoCA_Rec(7)_BLK2repl_1875",31.0658,30.4535
"Size_DblN_ascend_se_SoCA_Rec(7)_BLK2repl_1875",3.82631,3.71216
"sigmasel_CA_TWL(3)_LEN(10)",1,NA
"CA_TWL_ARDEV_y1978_Lbin10",0.000894079,NA
"CA_TWL_ARDEV_y1978_Lbin11",0.000911421,NA
"CA_TWL_ARDEV_y1978_Lbin12",-0.000840229,NA
"CA_TWL_ARDEV_y1978_Lbin13",-0.00174827,NA
"CA_TWL_ARDEV_y1978_Lbin14",-0.00400075,NA
"CA_TWL_ARDEV_y1978_Lbin15",-0.00837969,NA
"CA_TWL_ARDEV_y1978_Lbin16",0.0668165,NA
"CA_TWL_ARDEV_y1978_Lbin17",0.136397,NA
"CA_TWL_ARDEV_y1978_Lbin18",-0.0338151,NA
"CA_TWL_ARDEV_y1978_Lbin19",-0.0554072,NA
"CA_TWL_ARDEV_y1978_Lbin20",-0.11965,NA
"CA_TWL_ARDEV_y1978_Lbin21",-0.163395,NA
"CA_TWL_ARDEV_y1978_Lbin22",-0.132473,NA
"CA_TWL_ARDEV_y1978_Lbin23",-0.16816,NA
"CA_TWL_ARDEV_y1978_Lbin24",-0.0682658,NA
"CA_TWL_ARDEV_y1978_Lbin25",-0.0766196,NA
"CA_TWL_ARDEV_y1978_Lbin26",0.334777,NA
"CA_TWL_ARDEV_y1978_Lbin27",0.354456,NA
"CA_TWL_ARDEV_y1978_Lbin28",-0.108238,NA
"CA_TWL_ARDEV_y1978_Lbin29",-0.0881667,NA
"CA_TWL_ARDEV_y1978_Lbin30",-0.0135232,NA
"CA_TWL_ARDEV_y1978_Lbin31",-0.0789229,NA
"CA_TWL_ARDEV_y1978_Lbin32",-0.121469,NA
"CA_TWL_ARDEV_y1978_Lbin33",-0.136534,NA
"CA_TWL_ARDEV_y1978_Lbin34",-0.0465769,NA
"CA_TWL_ARDEV_y1978_Lbin35",-0.0377312,NA
"CA_TWL_ARDEV_y1978_Lbin36",0.119612,NA
"CA_TWL_ARDEV_y1978_Lbin37",0.117981,NA
"CA_TWL_ARDEV_y1978_Lbin38",-0.0958861,NA
"CA_TWL_ARDEV_y1979_Lbin10",-0.000910345,NA
"CA_TWL_ARDEV_y1979_Lbin11",-0.000908838,NA
"CA_TWL_ARDEV_y1979_Lbin12",-0.000991397,NA
"CA_TWL_ARDEV_y1979_Lbin13",-0.00171071,NA
"CA_TWL_ARDEV_y1979_Lbin14",-0.00054898,NA
"CA_TWL_ARDEV_y1979_Lbin15",-0.0012548,NA
"CA_TWL_ARDEV_y1979_Lbin16",-0.0109824,NA
"CA_TWL_ARDEV_y1979_Lbin17",-0.0189557,NA
"CA_TWL_ARDEV_y1979_Lbin18",-0.0326531,NA
"CA_TWL_ARDEV_y1979_Lbin19",-0.0620487,NA
"CA_TWL_ARDEV_y1979_Lbin20",-0.107007,NA
"CA_TWL_ARDEV_y1979_Lbin21",-0.177266,NA
"CA_TWL_ARDEV_y1979_Lbin22",-0.144762,NA
"CA_TWL_ARDEV_y1979_Lbin23",-0.200681,NA
"CA_TWL_ARDEV_y1979_Lbin24",-0.266792,NA
"CA_TWL_ARDEV_y1979_Lbin25",-0.325264,NA
"CA_TWL_ARDEV_y1979_Lbin26",-0.267711,NA
"CA_TWL_ARDEV_y1979_Lbin27",-0.288292,NA
"CA_TWL_ARDEV_y1979_Lbin28",-0.151616,NA
"CA_TWL_ARDEV_y1979_Lbin29",-0.164426,NA
"CA_TWL_ARDEV_y1979_Lbin30",-0.0544682,NA
"CA_TWL_ARDEV_y1979_Lbin31",-0.163408,NA
"CA_TWL_ARDEV_y1979_Lbin32",-0.0243484,NA
"CA_TWL_ARDEV_y1979_Lbin33",-0.180533,NA
"CA_TWL_ARDEV_y1979_Lbin34",0.135082,NA
"CA_TWL_ARDEV_y1979_Lbin35",0.164375,NA
"CA_TWL_ARDEV_y1979_Lbin36",-0.0877003,NA
"CA_TWL_ARDEV_y1979_Lbin37",-0.0769163,NA
"CA_TWL_ARDEV_y1979_Lbin38",0.691989,NA
"CA_TWL_ARDEV_y1980_Lbin10",-0.00210831,NA
"CA_TWL_ARDEV_y1980_Lbin11",-0.00193831,NA
"CA_TWL_ARDEV_y1980_Lbin12",-0.00158356,NA
"CA_TWL_ARDEV_y1980_Lbin13",-0.00196151,NA
"CA_TWL_ARDEV_y1980_Lbin14",-0.00152893,NA
"CA_TWL_ARDEV_y1980_Lbin15",-0.00269686,NA
"CA_TWL_ARDEV_y1980_Lbin16",-0.00925963,NA
"CA_TWL_ARDEV_y1980_Lbin17",-0.013438,NA
"CA_TWL_ARDEV_y1980_Lbin18",-0.00434518,NA
"CA_TWL_ARDEV_y1980_Lbin19",-0.00595938,NA
"CA_TWL_ARDEV_y1980_Lbin20",-0.0354026,NA
"CA_TWL_ARDEV_y1980_Lbin21",-0.0652878,NA
"CA_TWL_ARDEV_y1980_Lbin22",-0.136301,NA
"CA_TWL_ARDEV_y1980_Lbin23",-0.211429,NA
"CA_TWL_ARDEV_y1980_Lbin24",-0.235369,NA
"CA_TWL_ARDEV_y1980_Lbin25",-0.315586,NA
"CA_TWL_ARDEV_y1980_Lbin26",-0.133284,NA
"CA_TWL_ARDEV_y1980_Lbin27",-0.176058,NA
"CA_TWL_ARDEV_y1980_Lbin28",-0.0226625,NA
"CA_TWL_ARDEV_y1980_Lbin29",-0.0860361,NA
"CA_TWL_ARDEV_y1980_Lbin30",-0.0696225,NA
"CA_TWL_ARDEV_y1980_Lbin31",-0.112881,NA
"CA_TWL_ARDEV_y1980_Lbin32",0.197416,NA
"CA_TWL_ARDEV_y1980_Lbin33",0.15274,NA
"CA_TWL_ARDEV_y1980_Lbin34",0.0628409,NA
"CA_TWL_ARDEV_y1980_Lbin35",0.069127,NA
"CA_TWL_ARDEV_y1980_Lbin36",0.163726,NA
"CA_TWL_ARDEV_y1980_Lbin37",0.165635,NA
"CA_TWL_ARDEV_y1980_Lbin38",0.113142,NA
"CA_TWL_ARDEV_y1981_Lbin10",-0.000725703,NA
"CA_TWL_ARDEV_y1981_Lbin11",-0.000911638,NA
"CA_TWL_ARDEV_y1981_Lbin12",-0.0015573,NA
"CA_TWL_ARDEV_y1981_Lbin13",-0.00344007,NA
"CA_TWL_ARDEV_y1981_Lbin14",-0.00705139,NA
"CA_TWL_ARDEV_y1981_Lbin15",-0.0118239,NA
"CA_TWL_ARDEV_y1981_Lbin16",-0.016344,NA
"CA_TWL_ARDEV_y1981_Lbin17",-0.0197233,NA
"CA_TWL_ARDEV_y1981_Lbin18",-0.0232568,NA
"CA_TWL_ARDEV_y1981_Lbin19",-0.0302986,NA
"CA_TWL_ARDEV_y1981_Lbin20",-0.0392862,NA
"CA_TWL_ARDEV_y1981_Lbin21",-0.062987,NA
"CA_TWL_ARDEV_y1981_Lbin22",-0.088759,NA
"CA_TWL_ARDEV_y1981_Lbin23",-0.143205,NA
"CA_TWL_ARDEV_y1981_Lbin24",-0.0815503,NA
"CA_TWL_ARDEV_y1981_Lbin25",-0.117351,NA
"CA_TWL_ARDEV_y1981_Lbin26",-0.0188823,NA
"CA_TWL_ARDEV_y1981_Lbin27",-0.0600756,NA
"CA_TWL_ARDEV_y1981_Lbin28",-0.020819,NA
"CA_TWL_ARDEV_y1981_Lbin29",-0.126758,NA
"CA_TWL_ARDEV_y1981_Lbin30",-0.111502,NA
"CA_TWL_ARDEV_y1981_Lbin31",-0.0614895,NA
"CA_TWL_ARDEV_y1981_Lbin32",0.240699,NA
"CA_TWL_ARDEV_y1981_Lbin33",0.286997,NA
"CA_TWL_ARDEV_y1981_Lbin34",-0.00873453,NA
"CA_TWL_ARDEV_y1981_Lbin35",0.00736728,NA
"CA_TWL_ARDEV_y1981_Lbin36",0.0758023,NA
"CA_TWL_ARDEV_y1981_Lbin37",0.0922081,NA
"CA_TWL_ARDEV_y1981_Lbin38",-0.0711277,NA
"CA_TWL_ARDEV_y1982_Lbin10",-0.000613153,NA
"CA_TWL_ARDEV_y1982_Lbin11",-0.000777345,NA
"CA_TWL_ARDEV_y1982_Lbin12",-0.00137865,NA
"CA_TWL_ARDEV_y1982_Lbin13",-0.00317864,NA
"CA_TWL_ARDEV_y1982_Lbin14",-0.0070376,NA
"CA_TWL_ARDEV_y1982_Lbin15",-0.0135493,NA
"CA_TWL_ARDEV_y1982_Lbin16",-0.0162506,NA
"CA_TWL_ARDEV_y1982_Lbin17",-0.0276229,NA
"CA_TWL_ARDEV_y1982_Lbin18",-0.0644915,NA
"CA_TWL_ARDEV_y1982_Lbin19",-0.100442,NA
"CA_TWL_ARDEV_y1982_Lbin20",-0.11972,NA
"CA_TWL_ARDEV_y1982_Lbin21",-0.161286,NA
"CA_TWL_ARDEV_y1982_Lbin22",-0.175158,NA
"CA_TWL_ARDEV_y1982_Lbin23",-0.226645,NA
"CA_TWL_ARDEV_y1982_Lbin24",-0.175745,NA
"CA_TWL_ARDEV_y1982_Lbin25",-0.227176,NA
"CA_TWL_ARDEV_y1982_Lbin26",-0.117824,NA
"CA_TWL_ARDEV_y1982_Lbin27",-0.14522,NA
"CA_TWL_ARDEV_y1982_Lbin28",-0.205412,NA
"CA_TWL_ARDEV_y1982_Lbin29",-0.269805,NA
"CA_TWL_ARDEV_y1982_Lbin30",-0.179074,NA
"CA_TWL_ARDEV_y1982_Lbin31",-0.137282,NA
"CA_TWL_ARDEV_y1982_Lbin32",-0.12607,NA
"CA_TWL_ARDEV_y1982_Lbin33",-0.0948652,NA
"CA_TWL_ARDEV_y1982_Lbin34",0.147409,NA
"CA_TWL_ARDEV_y1982_Lbin35",0.163104,NA
"CA_TWL_ARDEV_y1982_Lbin36",0.461675,NA
"CA_TWL_ARDEV_y1982_Lbin37",0.451321,NA
"CA_TWL_ARDEV_y1982_Lbin38",0.607606,NA
"CA_TWL_ARDEV_y1983_Lbin10",-0.000549918,NA
"CA_TWL_ARDEV_y1983_Lbin11",-0.000627979,NA
"CA_TWL_ARDEV_y1983_Lbin12",-0.000948265,NA
"CA_TWL_ARDEV_y1983_Lbin13",-0.0020388,NA
"CA_TWL_ARDEV_y1983_Lbin14",-0.00453025,NA
"CA_TWL_ARDEV_y1983_Lbin15",-0.00895558,NA
"CA_TWL_ARDEV_y1983_Lbin16",-0.0164332,NA
"CA_TWL_ARDEV_y1983_Lbin17",-0.0306261,NA
"CA_TWL_ARDEV_y1983_Lbin18",-0.0566245,NA
"CA_TWL_ARDEV_y1983_Lbin19",-0.102383,NA
"CA_TWL_ARDEV_y1983_Lbin20",-0.163769,NA
"CA_TWL_ARDEV_y1983_Lbin21",-0.251331,NA
"CA_TWL_ARDEV_y1983_Lbin22",-0.248653,NA
"CA_TWL_ARDEV_y1983_Lbin23",-0.338148,NA
"CA_TWL_ARDEV_y1983_Lbin24",-0.281544,NA
"CA_TWL_ARDEV_y1983_Lbin25",-0.341855,NA
"CA_TWL_ARDEV_y1983_Lbin26",-0.377819,NA
"CA_TWL_ARDEV_y1983_Lbin27",-0.400994,NA
"CA_TWL_ARDEV_y1983_Lbin28",-0.359825,NA
"CA_TWL_ARDEV_y1983_Lbin29",-0.356934,NA
"CA_TWL_ARDEV_y1983_Lbin30",-0.409959,NA
"CA_TWL_ARDEV_y1983_Lbin31",-0.390771,NA
"CA_TWL_ARDEV_y1983_Lbin32",-0.25825,NA
"CA_TWL_ARDEV_y1983_Lbin33",-0.248155,NA
"CA_TWL_ARDEV_y1983_Lbin34",0.27056,NA
"CA_TWL_ARDEV_y1983_Lbin35",0.31009,NA
"CA_TWL_ARDEV_y1983_Lbin36",0.587912,NA
"CA_TWL_ARDEV_y1983_Lbin37",0.539809,NA
"CA_TWL_ARDEV_y1983_Lbin38",0.575583,NA
"CA_TWL_ARDEV_y1984_Lbin10",-0.0011383,NA
"CA_TWL_ARDEV_y1984_Lbin11",-0.00110913,NA
"CA_TWL_ARDEV_y1984_Lbin12",-0.00113806,NA
"CA_TWL_ARDEV_y1984_Lbin13",-0.00186537,NA
"CA_TWL_ARDEV_y1984_Lbin14",-0.00384187,NA
"CA_TWL_ARDEV_y1984_Lbin15",-0.00720823,NA
"CA_TWL_ARDEV_y1984_Lbin16",-0.0121663,NA
"CA_TWL_ARDEV_y1984_Lbin17",-0.0217346,NA
"CA_TWL_ARDEV_y1984_Lbin18",-0.0407483,NA
"CA_TWL_ARDEV_y1984_Lbin19",-0.0784212,NA
"CA_TWL_ARDEV_y1984_Lbin20",-0.090503,NA
"CA_TWL_ARDEV_y1984_Lbin21",-0.159639,NA
"CA_TWL_ARDEV_y1984_Lbin22",-0.0491364,NA
"CA_TWL_ARDEV_y1984_Lbin23",-0.0938074,NA
"CA_TWL_ARDEV_y1984_Lbin24",-0.225321,NA
"CA_TWL_ARDEV_y1984_Lbin25",-0.308548,NA
"CA_TWL_ARDEV_y1984_Lbin26",-0.0237438,NA
"CA_TWL_ARDEV_y1984_Lbin27",-0.0308128,NA
"CA_TWL_ARDEV_y1984_Lbin28",0.0169524,NA
"CA_TWL_ARDEV_y1984_Lbin29",0.0794276,NA
"CA_TWL_ARDEV_y1984_Lbin30",0.482234,NA
"CA_TWL_ARDEV_y1984_Lbin31",0.697214,NA
"CA_TWL_ARDEV_y1984_Lbin32",-0.0437605,NA
"CA_TWL_ARDEV_y1984_Lbin33",-0.0202853,NA
"CA_TWL_ARDEV_y1984_Lbin34",0.208089,NA
"CA_TWL_ARDEV_y1984_Lbin35",0.264584,NA
"CA_TWL_ARDEV_y1984_Lbin36",0.065734,NA
"CA_TWL_ARDEV_y1984_Lbin37",0.0454814,NA
"CA_TWL_ARDEV_y1984_Lbin38",0.0216766,NA
"CA_TWL_ARDEV_y1985_Lbin10",-0.0239607,NA
"CA_TWL_ARDEV_y1985_Lbin11",-0.0206681,NA
"CA_TWL_ARDEV_y1985_Lbin12",-0.0126883,NA
"CA_TWL_ARDEV_y1985_Lbin13",-0.00769323,NA
"CA_TWL_ARDEV_y1985_Lbin14",-0.00848798,NA
"CA_TWL_ARDEV_y1985_Lbin15",-0.0131694,NA
"CA_TWL_ARDEV_y1985_Lbin16",0.00333289,NA
"CA_TWL_ARDEV_y1985_Lbin17",0.00292437,NA
"CA_TWL_ARDEV_y1985_Lbin18",-0.033239,NA
"CA_TWL_ARDEV_y1985_Lbin19",-0.0584959,NA
"CA_TWL_ARDEV_y1985_Lbin20",-0.0722001,NA
"CA_TWL_ARDEV_y1985_Lbin21",-0.132992,NA
"CA_TWL_ARDEV_y1985_Lbin22",-0.0181937,NA
"CA_TWL_ARDEV_y1985_Lbin23",-0.0379633,NA
"CA_TWL_ARDEV_y1985_Lbin24",0.0869005,NA
"CA_TWL_ARDEV_y1985_Lbin25",0.116838,NA
"CA_TWL_ARDEV_y1985_Lbin26",0.116729,NA
"CA_TWL_ARDEV_y1985_Lbin27",0.0678044,NA
"CA_TWL_ARDEV_y1985_Lbin28",0.273805,NA
"CA_TWL_ARDEV_y1985_Lbin29",0.0417454,NA
"CA_TWL_ARDEV_y1985_Lbin30",0.12403,NA
"CA_TWL_ARDEV_y1985_Lbin31",0.072186,NA
"CA_TWL_ARDEV_y1985_Lbin32",0.293753,NA
"CA_TWL_ARDEV_y1985_Lbin33",0.294767,NA
"CA_TWL_ARDEV_y1985_Lbin34",0.0136097,NA
"CA_TWL_ARDEV_y1985_Lbin35",-0.0909722,NA
"CA_TWL_ARDEV_y1985_Lbin36",-0.0957521,NA
"CA_TWL_ARDEV_y1985_Lbin37",-0.095498,NA
"CA_TWL_ARDEV_y1985_Lbin38",0.0682649,NA
"CA_TWL_ARDEV_y1986_Lbin10",-0.0021576,NA
"CA_TWL_ARDEV_y1986_Lbin11",-0.00553658,NA
"CA_TWL_ARDEV_y1986_Lbin12",-0.0147649,NA
"CA_TWL_ARDEV_y1986_Lbin13",-0.0371378,NA
"CA_TWL_ARDEV_y1986_Lbin14",-0.0800127,NA
"CA_TWL_ARDEV_y1986_Lbin15",-0.125322,NA
"CA_TWL_ARDEV_y1986_Lbin16",-0.143133,NA
"CA_TWL_ARDEV_y1986_Lbin17",-0.14918,NA
"CA_TWL_ARDEV_y1986_Lbin18",-0.0987713,NA
"CA_TWL_ARDEV_y1986_Lbin19",-0.0823208,NA
"CA_TWL_ARDEV_y1986_Lbin20",-0.00688824,NA
"CA_TWL_ARDEV_y1986_Lbin21",-0.0140664,NA
"CA_TWL_ARDEV_y1986_Lbin22",-0.024365,NA
"CA_TWL_ARDEV_y1986_Lbin23",-0.0576823,NA
"CA_TWL_ARDEV_y1986_Lbin24",0.206382,NA
"CA_TWL_ARDEV_y1986_Lbin25",0.344948,NA
"CA_TWL_ARDEV_y1986_Lbin26",0.0223261,NA
"CA_TWL_ARDEV_y1986_Lbin27",0.0335664,NA
"CA_TWL_ARDEV_y1986_Lbin28",-0.150413,NA
"CA_TWL_ARDEV_y1986_Lbin29",-0.0981698,NA
"CA_TWL_ARDEV_y1986_Lbin30",-0.15876,NA
"CA_TWL_ARDEV_y1986_Lbin31",-0.116252,NA
"CA_TWL_ARDEV_y1986_Lbin32",0.0217571,NA
"CA_TWL_ARDEV_y1986_Lbin33",-0.0138012,NA
"CA_TWL_ARDEV_y1986_Lbin34",-0.0358372,NA
"CA_TWL_ARDEV_y1986_Lbin35",-0.0884474,NA
"CA_TWL_ARDEV_y1986_Lbin36",-0.161359,NA
"CA_TWL_ARDEV_y1986_Lbin37",-0.154471,NA
"CA_TWL_ARDEV_y1986_Lbin38",0.0458707,NA
"CA_TWL_ARDEV_y1987_Lbin10",-0.0011535,NA
"CA_TWL_ARDEV_y1987_Lbin11",-0.00124641,NA
"CA_TWL_ARDEV_y1987_Lbin12",-0.00287471,NA
"CA_TWL_ARDEV_y1987_Lbin13",-0.00415255,NA
"CA_TWL_ARDEV_y1987_Lbin14",-0.00936066,NA
"CA_TWL_ARDEV_y1987_Lbin15",-0.0247673,NA
"CA_TWL_ARDEV_y1987_Lbin16",-0.0656064,NA
"CA_TWL_ARDEV_y1987_Lbin17",-0.136533,NA
"CA_TWL_ARDEV_y1987_Lbin18",-0.208332,NA
"CA_TWL_ARDEV_y1987_Lbin19",-0.31262,NA
"CA_TWL_ARDEV_y1987_Lbin20",0.0730778,NA
"CA_TWL_ARDEV_y1987_Lbin21",0.0462664,NA
"CA_TWL_ARDEV_y1987_Lbin22",0.613268,NA
"CA_TWL_ARDEV_y1987_Lbin23",1.0311,NA
"CA_TWL_ARDEV_y1987_Lbin24",1.4461,NA
"CA_TWL_ARDEV_y1987_Lbin25",0.168647,NA
"CA_TWL_ARDEV_y1987_Lbin26",0.532431,NA
"CA_TWL_ARDEV_y1987_Lbin27",0.430982,NA
"CA_TWL_ARDEV_y1987_Lbin28",0.00922228,NA
"CA_TWL_ARDEV_y1987_Lbin29",0.0731261,NA
"CA_TWL_ARDEV_y1987_Lbin30",-0.183135,NA
"CA_TWL_ARDEV_y1987_Lbin31",-0.146168,NA
"CA_TWL_ARDEV_y1987_Lbin32",-0.146083,NA
"CA_TWL_ARDEV_y1987_Lbin33",-0.145592,NA
"CA_TWL_ARDEV_y1987_Lbin34",-0.158239,NA
"CA_TWL_ARDEV_y1987_Lbin35",-0.139458,NA
"CA_TWL_ARDEV_y1987_Lbin36",-0.157994,NA
"CA_TWL_ARDEV_y1987_Lbin37",-0.132159,NA
"CA_TWL_ARDEV_y1987_Lbin38",-0.345091,NA
"CA_TWL_ARDEV_y1988_Lbin10",-0.00333588,NA
"CA_TWL_ARDEV_y1988_Lbin11",-0.00355066,NA
"CA_TWL_ARDEV_y1988_Lbin12",-0.00453211,NA
"CA_TWL_ARDEV_y1988_Lbin13",-0.00861748,NA
"CA_TWL_ARDEV_y1988_Lbin14",-0.0171727,NA
"CA_TWL_ARDEV_y1988_Lbin15",-0.029095,NA
"CA_TWL_ARDEV_y1988_Lbin16",-0.0424014,NA
"CA_TWL_ARDEV_y1988_Lbin17",-0.0607413,NA
"CA_TWL_ARDEV_y1988_Lbin18",-0.0968584,NA
"CA_TWL_ARDEV_y1988_Lbin19",-0.173087,NA
"CA_TWL_ARDEV_y1988_Lbin20",0.175159,NA
"CA_TWL_ARDEV_y1988_Lbin21",0.311414,NA
"CA_TWL_ARDEV_y1988_Lbin22",0.481815,NA
"CA_TWL_ARDEV_y1988_Lbin23",0.425124,NA
"CA_TWL_ARDEV_y1988_Lbin24",0.229245,NA
"CA_TWL_ARDEV_y1988_Lbin25",0.176322,NA
"CA_TWL_ARDEV_y1988_Lbin26",0.112254,NA
"CA_TWL_ARDEV_y1988_Lbin27",0.0878632,NA
"CA_TWL_ARDEV_y1988_Lbin28",0.251656,NA
"CA_TWL_ARDEV_y1988_Lbin29",0.113417,NA
"CA_TWL_ARDEV_y1988_Lbin30",0.346031,NA
"CA_TWL_ARDEV_y1988_Lbin31",0.332839,NA
"CA_TWL_ARDEV_y1988_Lbin32",-0.347911,NA
"CA_TWL_ARDEV_y1988_Lbin33",-0.328187,NA
"CA_TWL_ARDEV_y1988_Lbin34",-0.196677,NA
"CA_TWL_ARDEV_y1988_Lbin35",-0.185147,NA
"CA_TWL_ARDEV_y1988_Lbin36",-0.0324336,NA
"CA_TWL_ARDEV_y1988_Lbin37",-0.00933205,NA
"CA_TWL_ARDEV_y1988_Lbin38",-0.210569,NA
"CA_TWL_ARDEV_y1989_Lbin10",-0.00253823,NA
"CA_TWL_ARDEV_y1989_Lbin11",-0.00255924,NA
"CA_TWL_ARDEV_y1989_Lbin12",-0.0037817,NA
"CA_TWL_ARDEV_y1989_Lbin13",-0.00630466,NA
"CA_TWL_ARDEV_y1989_Lbin14",-0.0125312,NA
"CA_TWL_ARDEV_y1989_Lbin15",-0.0221997,NA
"CA_TWL_ARDEV_y1989_Lbin16",-0.023852,NA
"CA_TWL_ARDEV_y1989_Lbin17",-0.0352202,NA
"CA_TWL_ARDEV_y1989_Lbin18",0.00518239,NA
"CA_TWL_ARDEV_y1989_Lbin19",0.0114971,NA
"CA_TWL_ARDEV_y1989_Lbin20",-0.0554651,NA
"CA_TWL_ARDEV_y1989_Lbin21",-0.0867736,NA
"CA_TWL_ARDEV_y1989_Lbin22",0.00755752,NA
"CA_TWL_ARDEV_y1989_Lbin23",0.00820394,NA
"CA_TWL_ARDEV_y1989_Lbin24",0.4106,NA
"CA_TWL_ARDEV_y1989_Lbin25",0.199239,NA
"CA_TWL_ARDEV_y1989_Lbin26",0.188794,NA
"CA_TWL_ARDEV_y1989_Lbin27",-0.0263224,NA
"CA_TWL_ARDEV_y1989_Lbin28",-0.00912934,NA
"CA_TWL_ARDEV_y1989_Lbin29",-0.0484556,NA
"CA_TWL_ARDEV_y1989_Lbin30",0.430113,NA
"CA_TWL_ARDEV_y1989_Lbin31",0.251998,NA
"CA_TWL_ARDEV_y1989_Lbin32",1.01256,NA
"CA_TWL_ARDEV_y1989_Lbin33",0.430946,NA
"CA_TWL_ARDEV_y1989_Lbin34",-0.138621,NA
"CA_TWL_ARDEV_y1989_Lbin35",-0.154405,NA
"CA_TWL_ARDEV_y1989_Lbin36",-0.281138,NA
"CA_TWL_ARDEV_y1989_Lbin37",-0.293064,NA
"CA_TWL_ARDEV_y1989_Lbin38",-0.301596,NA
"CA_TWL_ARDEV_y1990_Lbin10",-0.0043926,NA
"CA_TWL_ARDEV_y1990_Lbin11",-0.00458394,NA
"CA_TWL_ARDEV_y1990_Lbin12",-0.00586425,NA
"CA_TWL_ARDEV_y1990_Lbin13",-0.0108686,NA
"CA_TWL_ARDEV_y1990_Lbin14",-0.0209499,NA
"CA_TWL_ARDEV_y1990_Lbin15",-0.035836,NA
"CA_TWL_ARDEV_y1990_Lbin16",-0.0542784,NA
"CA_TWL_ARDEV_y1990_Lbin17",-0.0736464,NA
"CA_TWL_ARDEV_y1990_Lbin18",-0.0315119,NA
"CA_TWL_ARDEV_y1990_Lbin19",-0.0501212,NA
"CA_TWL_ARDEV_y1990_Lbin20",0.0780099,NA
"CA_TWL_ARDEV_y1990_Lbin21",0.143136,NA
"CA_TWL_ARDEV_y1990_Lbin22",0.231453,NA
"CA_TWL_ARDEV_y1990_Lbin23",0.407118,NA
"CA_TWL_ARDEV_y1990_Lbin24",0.162934,NA
"CA_TWL_ARDEV_y1990_Lbin25",0.22729,NA
"CA_TWL_ARDEV_y1990_Lbin26",0.158811,NA
"CA_TWL_ARDEV_y1990_Lbin27",0.0151204,NA
"CA_TWL_ARDEV_y1990_Lbin28",-0.332973,NA
"CA_TWL_ARDEV_y1990_Lbin29",-0.380943,NA
"CA_TWL_ARDEV_y1990_Lbin30",-0.00872991,NA
"CA_TWL_ARDEV_y1990_Lbin31",-0.198669,NA
"CA_TWL_ARDEV_y1990_Lbin32",0.398484,NA
"CA_TWL_ARDEV_y1990_Lbin33",0.301158,NA
"CA_TWL_ARDEV_y1990_Lbin34",0.47674,NA
"CA_TWL_ARDEV_y1990_Lbin35",0.204837,NA
"CA_TWL_ARDEV_y1990_Lbin36",-0.00859091,NA
"CA_TWL_ARDEV_y1990_Lbin37",-0.0527879,NA
"CA_TWL_ARDEV_y1990_Lbin38",-0.0361843,NA
"CA_TWL_ARDEV_y1991_Lbin10",-0.000162302,NA
"CA_TWL_ARDEV_y1991_Lbin11",-0.000238814,NA
"CA_TWL_ARDEV_y1991_Lbin12",-0.0051326,NA
"CA_TWL_ARDEV_y1991_Lbin13",-0.0108538,NA
"CA_TWL_ARDEV_y1991_Lbin14",-0.0144625,NA
"CA_TWL_ARDEV_y1991_Lbin15",-0.0255923,NA
"CA_TWL_ARDEV_y1991_Lbin16",-0.0455553,NA
"CA_TWL_ARDEV_y1991_Lbin17",-0.0656017,NA
"CA_TWL_ARDEV_y1991_Lbin18",0.0205959,NA
"CA_TWL_ARDEV_y1991_Lbin19",0.0338698,NA
"CA_TWL_ARDEV_y1991_Lbin20",0.0617061,NA
"CA_TWL_ARDEV_y1991_Lbin21",0.0934766,NA
"CA_TWL_ARDEV_y1991_Lbin22",0.29141,NA
"CA_TWL_ARDEV_y1991_Lbin23",0.566467,NA
"CA_TWL_ARDEV_y1991_Lbin24",0.30612,NA
"CA_TWL_ARDEV_y1991_Lbin25",0.449037,NA
"CA_TWL_ARDEV_y1991_Lbin26",0.356828,NA
"CA_TWL_ARDEV_y1991_Lbin27",0.392522,NA
"CA_TWL_ARDEV_y1991_Lbin28",-0.0378682,NA
"CA_TWL_ARDEV_y1991_Lbin29",-0.0208974,NA
"CA_TWL_ARDEV_y1991_Lbin30",-0.160715,NA
"CA_TWL_ARDEV_y1991_Lbin31",-0.156837,NA
"CA_TWL_ARDEV_y1991_Lbin32",-0.120409,NA
"CA_TWL_ARDEV_y1991_Lbin33",-0.121136,NA
"CA_TWL_ARDEV_y1991_Lbin34",0.0714068,NA
"CA_TWL_ARDEV_y1991_Lbin35",-0.0206448,NA
"CA_TWL_ARDEV_y1991_Lbin36",-0.139386,NA
"CA_TWL_ARDEV_y1991_Lbin37",-0.183909,NA
"CA_TWL_ARDEV_y1991_Lbin38",-0.167729,NA
"CA_TWL_ARDEV_y1992_Lbin10",-0.00255449,NA
"CA_TWL_ARDEV_y1992_Lbin11",-0.00250861,NA
"CA_TWL_ARDEV_y1992_Lbin12",-0.00262885,NA
"CA_TWL_ARDEV_y1992_Lbin13",-0.00442295,NA
"CA_TWL_ARDEV_y1992_Lbin14",-0.00893223,NA
"CA_TWL_ARDEV_y1992_Lbin15",-0.016591,NA
"CA_TWL_ARDEV_y1992_Lbin16",-0.0274076,NA
"CA_TWL_ARDEV_y1992_Lbin17",-0.045216,NA
"CA_TWL_ARDEV_y1992_Lbin18",-0.0223123,NA
"CA_TWL_ARDEV_y1992_Lbin19",-0.0374207,NA
"CA_TWL_ARDEV_y1992_Lbin20",0.133493,NA
"CA_TWL_ARDEV_y1992_Lbin21",0.229058,NA
"CA_TWL_ARDEV_y1992_Lbin22",0.152626,NA
"CA_TWL_ARDEV_y1992_Lbin23",0.225697,NA
"CA_TWL_ARDEV_y1992_Lbin24",0.155275,NA
"CA_TWL_ARDEV_y1992_Lbin25",0.198115,NA
"CA_TWL_ARDEV_y1992_Lbin26",0.0200768,NA
"CA_TWL_ARDEV_y1992_Lbin27",0.0368484,NA
"CA_TWL_ARDEV_y1992_Lbin28",-0.120756,NA
"CA_TWL_ARDEV_y1992_Lbin29",-0.0908408,NA
"CA_TWL_ARDEV_y1992_Lbin30",-0.306064,NA
"CA_TWL_ARDEV_y1992_Lbin31",-0.253591,NA
"CA_TWL_ARDEV_y1992_Lbin32",-0.108271,NA
"CA_TWL_ARDEV_y1992_Lbin33",-0.0893089,NA
"CA_TWL_ARDEV_y1992_Lbin34",-0.0382802,NA
"CA_TWL_ARDEV_y1992_Lbin35",-0.0650265,NA
"CA_TWL_ARDEV_y1992_Lbin36",0.100595,NA
"CA_TWL_ARDEV_y1992_Lbin37",0.0205299,NA
"CA_TWL_ARDEV_y1992_Lbin38",0.025855,NA
"CA_TWL_ARDEV_y1993_Lbin10",-0.000987559,NA
"CA_TWL_ARDEV_y1993_Lbin11",-0.00134277,NA
"CA_TWL_ARDEV_y1993_Lbin12",-0.00178774,NA
"CA_TWL_ARDEV_y1993_Lbin13",-0.00411896,NA
"CA_TWL_ARDEV_y1993_Lbin14",-0.0115439,NA
"CA_TWL_ARDEV_y1993_Lbin15",-0.020009,NA
"CA_TWL_ARDEV_y1993_Lbin16",-0.00760425,NA
"CA_TWL_ARDEV_y1993_Lbin17",-0.0101719,NA
"CA_TWL_ARDEV_y1993_Lbin18",0.0748776,NA
"CA_TWL_ARDEV_y1993_Lbin19",0.125866,NA
"CA_TWL_ARDEV_y1993_Lbin20",0.262278,NA
"CA_TWL_ARDEV_y1993_Lbin21",0.63726,NA
"CA_TWL_ARDEV_y1993_Lbin22",0.343602,NA
"CA_TWL_ARDEV_y1993_Lbin23",0.883055,NA
"CA_TWL_ARDEV_y1993_Lbin24",0.347918,NA
"CA_TWL_ARDEV_y1993_Lbin25",0.668631,NA
"CA_TWL_ARDEV_y1993_Lbin26",-0.139994,NA
"CA_TWL_ARDEV_y1993_Lbin27",-0.117987,NA
"CA_TWL_ARDEV_y1993_Lbin28",-0.309274,NA
"CA_TWL_ARDEV_y1993_Lbin29",-0.205636,NA
"CA_TWL_ARDEV_y1993_Lbin30",-0.22497,NA
"CA_TWL_ARDEV_y1993_Lbin31",-0.0967358,NA
"CA_TWL_ARDEV_y1993_Lbin32",-0.239263,NA
"CA_TWL_ARDEV_y1993_Lbin33",-0.17937,NA
"CA_TWL_ARDEV_y1993_Lbin34",-0.182809,NA
"CA_TWL_ARDEV_y1993_Lbin35",-0.163587,NA
"CA_TWL_ARDEV_y1993_Lbin36",-0.14211,NA
"CA_TWL_ARDEV_y1993_Lbin37",-0.133545,NA
"CA_TWL_ARDEV_y1993_Lbin38",-0.203438,NA
"CA_TWL_ARDEV_y1994_Lbin10",-0.00204731,NA
"CA_TWL_ARDEV_y1994_Lbin11",-0.00184115,NA
"CA_TWL_ARDEV_y1994_Lbin12",-0.0023204,NA
"CA_TWL_ARDEV_y1994_Lbin13",-0.00273248,NA
"CA_TWL_ARDEV_y1994_Lbin14",-0.005178,NA
"CA_TWL_ARDEV_y1994_Lbin15",-0.0101676,NA
"CA_TWL_ARDEV_y1994_Lbin16",-0.0175812,NA
"CA_TWL_ARDEV_y1994_Lbin17",-0.0321778,NA
"CA_TWL_ARDEV_y1994_Lbin18",-0.0235546,NA
"CA_TWL_ARDEV_y1994_Lbin19",-0.0409817,NA
"CA_TWL_ARDEV_y1994_Lbin20",0.191262,NA
"CA_TWL_ARDEV_y1994_Lbin21",0.367327,NA
"CA_TWL_ARDEV_y1994_Lbin22",0.257487,NA
"CA_TWL_ARDEV_y1994_Lbin23",0.49648,NA
"CA_TWL_ARDEV_y1994_Lbin24",0.156291,NA
"CA_TWL_ARDEV_y1994_Lbin25",0.194024,NA
"CA_TWL_ARDEV_y1994_Lbin26",-0.0866428,NA
"CA_TWL_ARDEV_y1994_Lbin27",-0.12652,NA
"CA_TWL_ARDEV_y1994_Lbin28",-0.195989,NA
"CA_TWL_ARDEV_y1994_Lbin29",-0.190374,NA
"CA_TWL_ARDEV_y1994_Lbin30",-0.0876787,NA
"CA_TWL_ARDEV_y1994_Lbin31",0.0188966,NA
"CA_TWL_ARDEV_y1994_Lbin32",-0.171707,NA
"CA_TWL_ARDEV_y1994_Lbin33",-0.126427,NA
"CA_TWL_ARDEV_y1994_Lbin34",-0.0739203,NA
"CA_TWL_ARDEV_y1994_Lbin35",-0.0566352,NA
"CA_TWL_ARDEV_y1994_Lbin36",-0.0641533,NA
"CA_TWL_ARDEV_y1994_Lbin37",-0.0653744,NA
"CA_TWL_ARDEV_y1994_Lbin38",0.0130668,NA
"CA_TWL_ARDEV_y1995_Lbin10",0.00712199,NA
"CA_TWL_ARDEV_y1995_Lbin11",0.00961117,NA
"CA_TWL_ARDEV_y1995_Lbin12",-0.00288642,NA
"CA_TWL_ARDEV_y1995_Lbin13",-0.0066489,NA
"CA_TWL_ARDEV_y1995_Lbin14",-0.0136143,NA
"CA_TWL_ARDEV_y1995_Lbin15",-0.02263,NA
"CA_TWL_ARDEV_y1995_Lbin16",-0.0171658,NA
"CA_TWL_ARDEV_y1995_Lbin17",-0.0202041,NA
"CA_TWL_ARDEV_y1995_Lbin18",0.0688451,NA
"CA_TWL_ARDEV_y1995_Lbin19",0.105541,NA
"CA_TWL_ARDEV_y1995_Lbin20",0.0955134,NA
"CA_TWL_ARDEV_y1995_Lbin21",0.18267,NA
"CA_TWL_ARDEV_y1995_Lbin22",0.220894,NA
"CA_TWL_ARDEV_y1995_Lbin23",0.41625,NA
"CA_TWL_ARDEV_y1995_Lbin24",0.172366,NA
"CA_TWL_ARDEV_y1995_Lbin25",0.225198,NA
"CA_TWL_ARDEV_y1995_Lbin26",0.113717,NA
"CA_TWL_ARDEV_y1995_Lbin27",0.0884475,NA
"CA_TWL_ARDEV_y1995_Lbin28",-0.14513,NA
"CA_TWL_ARDEV_y1995_Lbin29",-0.171456,NA
"CA_TWL_ARDEV_y1995_Lbin30",-0.175267,NA
"CA_TWL_ARDEV_y1995_Lbin31",-0.161902,NA
"CA_TWL_ARDEV_y1995_Lbin32",-0.0463646,NA
"CA_TWL_ARDEV_y1995_Lbin33",-0.0215935,NA
"CA_TWL_ARDEV_y1995_Lbin34",-0.0503517,NA
"CA_TWL_ARDEV_y1995_Lbin35",-0.0395868,NA
"CA_TWL_ARDEV_y1995_Lbin36",-0.0509398,NA
"CA_TWL_ARDEV_y1995_Lbin37",-0.0505926,NA
"CA_TWL_ARDEV_y1995_Lbin38",-0.122171,NA
"CA_TWL_ARDEV_y1996_Lbin10",-0.000726683,NA
"CA_TWL_ARDEV_y1996_Lbin11",-0.000680377,NA
"CA_TWL_ARDEV_y1996_Lbin12",-0.000885298,NA
"CA_TWL_ARDEV_y1996_Lbin13",-0.00136013,NA
"CA_TWL_ARDEV_y1996_Lbin14",-0.00644394,NA
"CA_TWL_ARDEV_y1996_Lbin15",-0.0128712,NA
"CA_TWL_ARDEV_y1996_Lbin16",0.047726,NA
"CA_TWL_ARDEV_y1996_Lbin17",0.090747,NA
"CA_TWL_ARDEV_y1996_Lbin18",0.281394,NA
"CA_TWL_ARDEV_y1996_Lbin19",0.763415,NA
"CA_TWL_ARDEV_y1996_Lbin20",0.302437,NA
"CA_TWL_ARDEV_y1996_Lbin21",1.51611,NA
"CA_TWL_ARDEV_y1996_Lbin22",0.392216,NA
"CA_TWL_ARDEV_y1996_Lbin23",1.03722,NA
"CA_TWL_ARDEV_y1996_Lbin24",0.203687,NA
"CA_TWL_ARDEV_y1996_Lbin25",0.281695,NA
"CA_TWL_ARDEV_y1996_Lbin26",-0.0831719,NA
"CA_TWL_ARDEV_y1996_Lbin27",-0.104149,NA
"CA_TWL_ARDEV_y1996_Lbin28",-0.303868,NA
"CA_TWL_ARDEV_y1996_Lbin29",-0.30595,NA
"CA_TWL_ARDEV_y1996_Lbin30",-0.372078,NA
"CA_TWL_ARDEV_y1996_Lbin31",-0.333971,NA
"CA_TWL_ARDEV_y1996_Lbin32",-0.317446,NA
"CA_TWL_ARDEV_y1996_Lbin33",-0.30314,NA
"CA_TWL_ARDEV_y1996_Lbin34",-0.280984,NA
"CA_TWL_ARDEV_y1996_Lbin35",-0.274641,NA
"CA_TWL_ARDEV_y1996_Lbin36",-0.232905,NA
"CA_TWL_ARDEV_y1996_Lbin37",-0.212491,NA
"CA_TWL_ARDEV_y1996_Lbin38",-0.336853,NA
"CA_TWL_ARDEV_y1997_Lbin10",-0.0010544,NA
"CA_TWL_ARDEV_y1997_Lbin11",-0.00129363,NA
"CA_TWL_ARDEV_y1997_Lbin12",-0.00249013,NA
"CA_TWL_ARDEV_y1997_Lbin13",-0.00542729,NA
"CA_TWL_ARDEV_y1997_Lbin14",-0.0116767,NA
"CA_TWL_ARDEV_y1997_Lbin15",-0.0199692,NA
"CA_TWL_ARDEV_y1997_Lbin16",0.00990708,NA
"CA_TWL_ARDEV_y1997_Lbin17",0.0157446,NA
"CA_TWL_ARDEV_y1997_Lbin18",0.0148236,NA
"CA_TWL_ARDEV_y1997_Lbin19",0.024852,NA
"CA_TWL_ARDEV_y1997_Lbin20",0.242123,NA
"CA_TWL_ARDEV_y1997_Lbin21",0.567066,NA
"CA_TWL_ARDEV_y1997_Lbin22",0.351186,NA
"CA_TWL_ARDEV_y1997_Lbin23",1.02658,NA
"CA_TWL_ARDEV_y1997_Lbin24",0.428981,NA
"CA_TWL_ARDEV_y1997_Lbin25",0.701145,NA
"CA_TWL_ARDEV_y1997_Lbin26",0.124665,NA
"CA_TWL_ARDEV_y1997_Lbin27",0.146099,NA
"CA_TWL_ARDEV_y1997_Lbin28",-0.270016,NA
"CA_TWL_ARDEV_y1997_Lbin29",-0.243672,NA
"CA_TWL_ARDEV_y1997_Lbin30",-0.304382,NA
"CA_TWL_ARDEV_y1997_Lbin31",-0.284336,NA
"CA_TWL_ARDEV_y1997_Lbin32",-0.073799,NA
"CA_TWL_ARDEV_y1997_Lbin33",-0.109164,NA
"CA_TWL_ARDEV_y1997_Lbin34",-0.210271,NA
"CA_TWL_ARDEV_y1997_Lbin35",-0.217252,NA
"CA_TWL_ARDEV_y1997_Lbin36",-0.194303,NA
"CA_TWL_ARDEV_y1997_Lbin37",-0.202351,NA
"CA_TWL_ARDEV_y1997_Lbin38",-0.188671,NA
"CA_TWL_ARDEV_y1998_Lbin10",-0.000844342,NA
"CA_TWL_ARDEV_y1998_Lbin11",-0.000931433,NA
"CA_TWL_ARDEV_y1998_Lbin12",-0.00130335,NA
"CA_TWL_ARDEV_y1998_Lbin13",-0.00268317,NA
"CA_TWL_ARDEV_y1998_Lbin14",-0.00579733,NA
"CA_TWL_ARDEV_y1998_Lbin15",-0.0110469,NA
"CA_TWL_ARDEV_y1998_Lbin16",-0.0192859,NA
"CA_TWL_ARDEV_y1998_Lbin17",-0.0327832,NA
"CA_TWL_ARDEV_y1998_Lbin18",0.229486,NA
"CA_TWL_ARDEV_y1998_Lbin19",0.535067,NA
"CA_TWL_ARDEV_y1998_Lbin20",0.0727351,NA
"CA_TWL_ARDEV_y1998_Lbin21",0.120017,NA
"CA_TWL_ARDEV_y1998_Lbin22",0.203963,NA
"CA_TWL_ARDEV_y1998_Lbin23",0.3791,NA
"CA_TWL_ARDEV_y1998_Lbin24",0.245396,NA
"CA_TWL_ARDEV_y1998_Lbin25",0.354605,NA
"CA_TWL_ARDEV_y1998_Lbin26",0.00957093,NA
"CA_TWL_ARDEV_y1998_Lbin27",0.0047669,NA
"CA_TWL_ARDEV_y1998_Lbin28",-0.177209,NA
"CA_TWL_ARDEV_y1998_Lbin29",-0.090033,NA
"CA_TWL_ARDEV_y1998_Lbin30",-0.135101,NA
"CA_TWL_ARDEV_y1998_Lbin31",-0.102668,NA
"CA_TWL_ARDEV_y1998_Lbin32",-0.167731,NA
"CA_TWL_ARDEV_y1998_Lbin33",-0.123316,NA
"CA_TWL_ARDEV_y1998_Lbin34",-0.0557549,NA
"CA_TWL_ARDEV_y1998_Lbin35",-0.0597965,NA
"CA_TWL_ARDEV_y1998_Lbin36",-0.108632,NA
"CA_TWL_ARDEV_y1998_Lbin37",-0.118072,NA
"CA_TWL_ARDEV_y1998_Lbin38",-0.11382,NA
"CA_TWL_ARDEV_y1999_Lbin10",-0.00147657,NA
"CA_TWL_ARDEV_y1999_Lbin11",-0.00137653,NA
"CA_TWL_ARDEV_y1999_Lbin12",0.00559664,NA
"CA_TWL_ARDEV_y1999_Lbin13",0.00892663,NA
"CA_TWL_ARDEV_y1999_Lbin14",-0.00326157,NA
"CA_TWL_ARDEV_y1999_Lbin15",-0.00593112,NA
"CA_TWL_ARDEV_y1999_Lbin16",-0.00989341,NA
"CA_TWL_ARDEV_y1999_Lbin17",-0.016353,NA
"CA_TWL_ARDEV_y1999_Lbin18",-0.0258567,NA
"CA_TWL_ARDEV_y1999_Lbin19",-0.0465604,NA
"CA_TWL_ARDEV_y1999_Lbin20",0.080124,NA
"CA_TWL_ARDEV_y1999_Lbin21",0.150928,NA
"CA_TWL_ARDEV_y1999_Lbin22",0.250858,NA
"CA_TWL_ARDEV_y1999_Lbin23",0.510624,NA
"CA_TWL_ARDEV_y1999_Lbin24",0.296988,NA
"CA_TWL_ARDEV_y1999_Lbin25",0.487821,NA
"CA_TWL_ARDEV_y1999_Lbin26",0.0239773,NA
"CA_TWL_ARDEV_y1999_Lbin27",0.047606,NA
"CA_TWL_ARDEV_y1999_Lbin28",-0.273193,NA
"CA_TWL_ARDEV_y1999_Lbin29",-0.271952,NA
"CA_TWL_ARDEV_y1999_Lbin30",-0.239508,NA
"CA_TWL_ARDEV_y1999_Lbin31",-0.171501,NA
"CA_TWL_ARDEV_y1999_Lbin32",-0.0647974,NA
"CA_TWL_ARDEV_y1999_Lbin33",-0.0471926,NA
"CA_TWL_ARDEV_y1999_Lbin34",-0.153878,NA
"CA_TWL_ARDEV_y1999_Lbin35",-0.142242,NA
"CA_TWL_ARDEV_y1999_Lbin36",-0.0276499,NA
"CA_TWL_ARDEV_y1999_Lbin37",-0.0295401,NA
"CA_TWL_ARDEV_y1999_Lbin38",-0.0586536,NA
"CA_TWL_ARDEV_y2000_Lbin10",-0.0174183,NA
"CA_TWL_ARDEV_y2000_Lbin11",-0.0149285,NA
"CA_TWL_ARDEV_y2000_Lbin12",-0.00804944,NA
"CA_TWL_ARDEV_y2000_Lbin13",-0.00440502,NA
"CA_TWL_ARDEV_y2000_Lbin14",-0.00437506,NA
"CA_TWL_ARDEV_y2000_Lbin15",-0.00639936,NA
"CA_TWL_ARDEV_y2000_Lbin16",-0.00122133,NA
"CA_TWL_ARDEV_y2000_Lbin17",-0.0018477,NA
"CA_TWL_ARDEV_y2000_Lbin18",-0.0102455,NA
"CA_TWL_ARDEV_y2000_Lbin19",-0.0153976,NA
"CA_TWL_ARDEV_y2000_Lbin20",-0.00446213,NA
"CA_TWL_ARDEV_y2000_Lbin21",-0.00601966,NA
"CA_TWL_ARDEV_y2000_Lbin22",-0.0197478,NA
"CA_TWL_ARDEV_y2000_Lbin23",-0.032582,NA
"CA_TWL_ARDEV_y2000_Lbin24",0.029351,NA
"CA_TWL_ARDEV_y2000_Lbin25",0.038542,NA
"CA_TWL_ARDEV_y2000_Lbin26",-0.102444,NA
"CA_TWL_ARDEV_y2000_Lbin27",-0.119976,NA
"CA_TWL_ARDEV_y2000_Lbin28",-0.0419703,NA
"CA_TWL_ARDEV_y2000_Lbin29",-0.0487095,NA
"CA_TWL_ARDEV_y2000_Lbin30",-0.130139,NA
"CA_TWL_ARDEV_y2000_Lbin31",-0.111885,NA
"CA_TWL_ARDEV_y2000_Lbin32",0.0489025,NA
"CA_TWL_ARDEV_y2000_Lbin33",0.0340118,NA
"CA_TWL_ARDEV_y2000_Lbin34",0.0264497,NA
"CA_TWL_ARDEV_y2000_Lbin35",0.0256476,NA
"CA_TWL_ARDEV_y2000_Lbin36",0.022369,NA
"CA_TWL_ARDEV_y2000_Lbin37",0.0178122,NA
"CA_TWL_ARDEV_y2000_Lbin38",0.134952,NA
"CA_TWL_ARDEV_y2001_Lbin10",-0.0018246,NA
"CA_TWL_ARDEV_y2001_Lbin11",-0.00519671,NA
"CA_TWL_ARDEV_y2001_Lbin12",-0.0154943,NA
"CA_TWL_ARDEV_y2001_Lbin13",-0.0391309,NA
"CA_TWL_ARDEV_y2001_Lbin14",-0.0780862,NA
"CA_TWL_ARDEV_y2001_Lbin15",-0.122441,NA
"CA_TWL_ARDEV_y2001_Lbin16",-0.0891805,NA
"CA_TWL_ARDEV_y2001_Lbin17",-0.0924443,NA
"CA_TWL_ARDEV_y2001_Lbin18",0.0218299,NA
"CA_TWL_ARDEV_y2001_Lbin19",0.0168337,NA
"CA_TWL_ARDEV_y2001_Lbin20",-0.0199046,NA
"CA_TWL_ARDEV_y2001_Lbin21",-0.0179085,NA
"CA_TWL_ARDEV_y2001_Lbin22",-0.00286682,NA
"CA_TWL_ARDEV_y2001_Lbin23",-0.00129823,NA
"CA_TWL_ARDEV_y2001_Lbin24",0.0760333,NA
"CA_TWL_ARDEV_y2001_Lbin25",0.115398,NA
"CA_TWL_ARDEV_y2001_Lbin26",0.0846985,NA
"CA_TWL_ARDEV_y2001_Lbin27",0.0960009,NA
"CA_TWL_ARDEV_y2001_Lbin28",-0.0250321,NA
"CA_TWL_ARDEV_y2001_Lbin29",-0.0264578,NA
"CA_TWL_ARDEV_y2001_Lbin30",-0.0581983,NA
"CA_TWL_ARDEV_y2001_Lbin31",-0.0419218,NA
"CA_TWL_ARDEV_y2001_Lbin32",-0.0578628,NA
"CA_TWL_ARDEV_y2001_Lbin33",-0.0448234,NA
"CA_TWL_ARDEV_y2001_Lbin34",-0.0385134,NA
"CA_TWL_ARDEV_y2001_Lbin35",-0.0349639,NA
"CA_TWL_ARDEV_y2001_Lbin36",0.11542,NA
"CA_TWL_ARDEV_y2001_Lbin37",0.108256,NA
"CA_TWL_ARDEV_y2001_Lbin38",-0.0766946,NA
"CA_TWL_ARDEV_y2002_Lbin10",0.00410243,NA
"CA_TWL_ARDEV_y2002_Lbin11",0.00421718,NA
"CA_TWL_ARDEV_y2002_Lbin12",0.0315333,NA
"CA_TWL_ARDEV_y2002_Lbin13",0.0652411,NA
"CA_TWL_ARDEV_y2002_Lbin14",-0.00132973,NA
"CA_TWL_ARDEV_y2002_Lbin15",-0.00389255,NA
"CA_TWL_ARDEV_y2002_Lbin16",-0.0156378,NA
"CA_TWL_ARDEV_y2002_Lbin17",-0.0333298,NA
"CA_TWL_ARDEV_y2002_Lbin18",-0.01721,NA
"CA_TWL_ARDEV_y2002_Lbin19",-0.0256963,NA
"CA_TWL_ARDEV_y2002_Lbin20",0.0379137,NA
"CA_TWL_ARDEV_y2002_Lbin21",0.0331778,NA
"CA_TWL_ARDEV_y2002_Lbin22",-0.078513,NA
"CA_TWL_ARDEV_y2002_Lbin23",-0.0677738,NA
"CA_TWL_ARDEV_y2002_Lbin24",-0.117392,NA
"CA_TWL_ARDEV_y2002_Lbin25",-0.0923749,NA
"CA_TWL_ARDEV_y2002_Lbin26",-0.0974294,NA
"CA_TWL_ARDEV_y2002_Lbin27",-0.0948048,NA
"CA_TWL_ARDEV_y2002_Lbin28",-0.111694,NA
"CA_TWL_ARDEV_y2002_Lbin29",-0.104244,NA
"CA_TWL_ARDEV_y2002_Lbin30",-0.162099,NA
"CA_TWL_ARDEV_y2002_Lbin31",-0.148759,NA
"CA_TWL_ARDEV_y2002_Lbin32",-0.0423444,NA
"CA_TWL_ARDEV_y2002_Lbin33",-0.0260966,NA
"CA_TWL_ARDEV_y2002_Lbin34",-0.0222833,NA
"CA_TWL_ARDEV_y2002_Lbin35",-0.0326304,NA
"CA_TWL_ARDEV_y2002_Lbin36",0.117643,NA
"CA_TWL_ARDEV_y2002_Lbin37",0.098718,NA
"CA_TWL_ARDEV_y2002_Lbin38",0.204354,NA
"CA_TWL_ARDEV_y2003_Lbin10",-0.000175167,NA
"CA_TWL_ARDEV_y2003_Lbin11",-0.000194352,NA
"CA_TWL_ARDEV_y2003_Lbin12",0.000149279,NA
"CA_TWL_ARDEV_y2003_Lbin13",0.000288807,NA
"CA_TWL_ARDEV_y2003_Lbin14",-0.000967289,NA
"CA_TWL_ARDEV_y2003_Lbin15",-0.00174535,NA
"CA_TWL_ARDEV_y2003_Lbin16",-0.000470437,NA
"CA_TWL_ARDEV_y2003_Lbin17",-0.00134501,NA
"CA_TWL_ARDEV_y2003_Lbin18",-0.0123968,NA
"CA_TWL_ARDEV_y2003_Lbin19",-0.0265654,NA
"CA_TWL_ARDEV_y2003_Lbin20",0.0144423,NA
"CA_TWL_ARDEV_y2003_Lbin21",0.0141332,NA
"CA_TWL_ARDEV_y2003_Lbin22",-0.00610249,NA
"CA_TWL_ARDEV_y2003_Lbin23",-0.038357,NA
"CA_TWL_ARDEV_y2003_Lbin24",0.0133235,NA
"CA_TWL_ARDEV_y2003_Lbin25",0.0242394,NA
"CA_TWL_ARDEV_y2003_Lbin26",0.173988,NA
"CA_TWL_ARDEV_y2003_Lbin27",0.148933,NA
"CA_TWL_ARDEV_y2003_Lbin28",0.0689705,NA
"CA_TWL_ARDEV_y2003_Lbin29",0.0465882,NA
"CA_TWL_ARDEV_y2003_Lbin30",-0.0212156,NA
"CA_TWL_ARDEV_y2003_Lbin31",-0.0155928,NA
"CA_TWL_ARDEV_y2003_Lbin32",-0.0418131,NA
"CA_TWL_ARDEV_y2003_Lbin33",-0.0382374,NA
"CA_TWL_ARDEV_y2003_Lbin34",-0.038995,NA
"CA_TWL_ARDEV_y2003_Lbin35",-0.0393446,NA
"CA_TWL_ARDEV_y2003_Lbin36",-0.0291832,NA
"CA_TWL_ARDEV_y2003_Lbin37",-0.0287502,NA
"CA_TWL_ARDEV_y2003_Lbin38",-0.0259128,NA
"CA_TWL_ARDEV_y2004_Lbin10",-0.00126616,NA
"CA_TWL_ARDEV_y2004_Lbin11",-0.00115266,NA
"CA_TWL_ARDEV_y2004_Lbin12",0.00218402,NA
"CA_TWL_ARDEV_y2004_Lbin13",0.00268978,NA
"CA_TWL_ARDEV_y2004_Lbin14",-0.00209366,NA
"CA_TWL_ARDEV_y2004_Lbin15",-0.00379387,NA
"CA_TWL_ARDEV_y2004_Lbin16",-0.00536065,NA
"CA_TWL_ARDEV_y2004_Lbin17",-0.00897648,NA
"CA_TWL_ARDEV_y2004_Lbin18",-0.0164386,NA
"CA_TWL_ARDEV_y2004_Lbin19",-0.0316055,NA
"CA_TWL_ARDEV_y2004_Lbin20",-0.0679096,NA
"CA_TWL_ARDEV_y2004_Lbin21",-0.122669,NA
"CA_TWL_ARDEV_y2004_Lbin22",-0.132578,NA
"CA_TWL_ARDEV_y2004_Lbin23",-0.210539,NA
"CA_TWL_ARDEV_y2004_Lbin24",-0.121285,NA
"CA_TWL_ARDEV_y2004_Lbin25",-0.223955,NA
"CA_TWL_ARDEV_y2004_Lbin26",-0.25783,NA
"CA_TWL_ARDEV_y2004_Lbin27",-0.326198,NA
"CA_TWL_ARDEV_y2004_Lbin28",-0.00515872,NA
"CA_TWL_ARDEV_y2004_Lbin29",0.0184215,NA
"CA_TWL_ARDEV_y2004_Lbin30",0.457194,NA
"CA_TWL_ARDEV_y2004_Lbin31",0.309612,NA
"CA_TWL_ARDEV_y2004_Lbin32",0.0583773,NA
"CA_TWL_ARDEV_y2004_Lbin33",0.0401687,NA
"CA_TWL_ARDEV_y2004_Lbin34",-0.0796865,NA
"CA_TWL_ARDEV_y2004_Lbin35",-0.0645704,NA
"CA_TWL_ARDEV_y2004_Lbin36",0.057003,NA
"CA_TWL_ARDEV_y2004_Lbin37",0.055041,NA
"CA_TWL_ARDEV_y2004_Lbin38",0.123285,NA
"CA_TWL_ARDEV_y2005_Lbin10",-0.000110784,NA
"CA_TWL_ARDEV_y2005_Lbin11",-0.000172522,NA
"CA_TWL_ARDEV_y2005_Lbin12",-0.000378785,NA
"CA_TWL_ARDEV_y2005_Lbin13",-0.000908893,NA
"CA_TWL_ARDEV_y2005_Lbin14",-0.00189143,NA
"CA_TWL_ARDEV_y2005_Lbin15",-0.00318212,NA
"CA_TWL_ARDEV_y2005_Lbin16",-0.00288159,NA
"CA_TWL_ARDEV_y2005_Lbin17",-0.00358541,NA
"CA_TWL_ARDEV_y2005_Lbin18",-0.00669338,NA
"CA_TWL_ARDEV_y2005_Lbin19",-0.00966325,NA
"CA_TWL_ARDEV_y2005_Lbin20",-0.0164341,NA
"CA_TWL_ARDEV_y2005_Lbin21",-0.029756,NA
"CA_TWL_ARDEV_y2005_Lbin22",0.0274206,NA
"CA_TWL_ARDEV_y2005_Lbin23",0.0481591,NA
"CA_TWL_ARDEV_y2005_Lbin24",0.0681172,NA
"CA_TWL_ARDEV_y2005_Lbin25",0.0823199,NA
"CA_TWL_ARDEV_y2005_Lbin26",-0.135352,NA
"CA_TWL_ARDEV_y2005_Lbin27",-0.162852,NA
"CA_TWL_ARDEV_y2005_Lbin28",-0.254371,NA
"CA_TWL_ARDEV_y2005_Lbin29",-0.267638,NA
"CA_TWL_ARDEV_y2005_Lbin30",-0.171924,NA
"CA_TWL_ARDEV_y2005_Lbin31",-0.156434,NA
"CA_TWL_ARDEV_y2005_Lbin32",0.31205,NA
"CA_TWL_ARDEV_y2005_Lbin33",0.23554,NA
"CA_TWL_ARDEV_y2005_Lbin34",0.222983,NA
"CA_TWL_ARDEV_y2005_Lbin35",0.136975,NA
"CA_TWL_ARDEV_y2005_Lbin36",0.0102242,NA
"CA_TWL_ARDEV_y2005_Lbin37",0.00827354,NA
"CA_TWL_ARDEV_y2005_Lbin38",0.0362455,NA
"CA_TWL_ARDEV_y2006_Lbin10",-4.98696e-05,NA
"CA_TWL_ARDEV_y2006_Lbin11",-6.5803e-05,NA
"CA_TWL_ARDEV_y2006_Lbin12",-0.00012817,NA
"CA_TWL_ARDEV_y2006_Lbin13",-0.000312254,NA
"CA_TWL_ARDEV_y2006_Lbin14",-0.00074854,NA
"CA_TWL_ARDEV_y2006_Lbin15",-0.00160252,NA
"CA_TWL_ARDEV_y2006_Lbin16",-0.00323816,NA
"CA_TWL_ARDEV_y2006_Lbin17",-0.00629213,NA
"CA_TWL_ARDEV_y2006_Lbin18",-0.0116158,NA
"CA_TWL_ARDEV_y2006_Lbin19",-0.0198121,NA
"CA_TWL_ARDEV_y2006_Lbin20",-0.031135,NA
"CA_TWL_ARDEV_y2006_Lbin21",-0.0463,NA
"CA_TWL_ARDEV_y2006_Lbin22",-0.0676445,NA
"CA_TWL_ARDEV_y2006_Lbin23",-0.0985391,NA
"CA_TWL_ARDEV_y2006_Lbin24",-0.125719,NA
"CA_TWL_ARDEV_y2006_Lbin25",-0.167542,NA
"CA_TWL_ARDEV_y2006_Lbin26",-0.134658,NA
"CA_TWL_ARDEV_y2006_Lbin27",-0.164056,NA
"CA_TWL_ARDEV_y2006_Lbin28",-0.127785,NA
"CA_TWL_ARDEV_y2006_Lbin29",-0.177255,NA
"CA_TWL_ARDEV_y2006_Lbin30",-0.240776,NA
"CA_TWL_ARDEV_y2006_Lbin31",-0.263843,NA
"CA_TWL_ARDEV_y2006_Lbin32",-0.167987,NA
"CA_TWL_ARDEV_y2006_Lbin33",-0.153979,NA
"CA_TWL_ARDEV_y2006_Lbin34",0.20614,NA
"CA_TWL_ARDEV_y2006_Lbin35",0.16166,NA
"CA_TWL_ARDEV_y2006_Lbin36",0.299548,NA
"CA_TWL_ARDEV_y2006_Lbin37",0.199654,NA
"CA_TWL_ARDEV_y2006_Lbin38",0.611853,NA
"CA_TWL_ARDEV_y2007_Lbin10",0.0006834,NA
"CA_TWL_ARDEV_y2007_Lbin11",0.000727393,NA
"CA_TWL_ARDEV_y2007_Lbin12",0.000557864,NA
"CA_TWL_ARDEV_y2007_Lbin13",0.00113001,NA
"CA_TWL_ARDEV_y2007_Lbin14",-0.000191933,NA
"CA_TWL_ARDEV_y2007_Lbin15",-0.000397743,NA
"CA_TWL_ARDEV_y2007_Lbin16",-0.00124123,NA
"CA_TWL_ARDEV_y2007_Lbin17",-0.00259267,NA
"CA_TWL_ARDEV_y2007_Lbin18",-0.00557089,NA
"CA_TWL_ARDEV_y2007_Lbin19",-0.011658,NA
"CA_TWL_ARDEV_y2007_Lbin20",-0.0229718,NA
"CA_TWL_ARDEV_y2007_Lbin21",-0.042059,NA
"CA_TWL_ARDEV_y2007_Lbin22",-0.0665185,NA
"CA_TWL_ARDEV_y2007_Lbin23",-0.103497,NA
"CA_TWL_ARDEV_y2007_Lbin24",-0.148608,NA
"CA_TWL_ARDEV_y2007_Lbin25",-0.193917,NA
"CA_TWL_ARDEV_y2007_Lbin26",-0.169668,NA
"CA_TWL_ARDEV_y2007_Lbin27",-0.186713,NA
"CA_TWL_ARDEV_y2007_Lbin28",-0.103808,NA
"CA_TWL_ARDEV_y2007_Lbin29",-0.128484,NA
"CA_TWL_ARDEV_y2007_Lbin30",0.0462659,NA
"CA_TWL_ARDEV_y2007_Lbin31",-0.110908,NA
"CA_TWL_ARDEV_y2007_Lbin32",-0.136347,NA
"CA_TWL_ARDEV_y2007_Lbin33",-0.16801,NA
"CA_TWL_ARDEV_y2007_Lbin34",0.246945,NA
"CA_TWL_ARDEV_y2007_Lbin35",0.00661927,NA
"CA_TWL_ARDEV_y2007_Lbin36",0.922248,NA
"CA_TWL_ARDEV_y2007_Lbin37",0.0712272,NA
"CA_TWL_ARDEV_y2007_Lbin38",0.38409,NA
"CA_TWL_ARDEV_y2008_Lbin10",-0.000408629,NA
"CA_TWL_ARDEV_y2008_Lbin11",-0.000362939,NA
"CA_TWL_ARDEV_y2008_Lbin12",-0.000259583,NA
"CA_TWL_ARDEV_y2008_Lbin13",-0.000259828,NA
"CA_TWL_ARDEV_y2008_Lbin14",-0.000442852,NA
"CA_TWL_ARDEV_y2008_Lbin15",-0.000791878,NA
"CA_TWL_ARDEV_y2008_Lbin16",-0.00135071,NA
"CA_TWL_ARDEV_y2008_Lbin17",-0.00237178,NA
"CA_TWL_ARDEV_y2008_Lbin18",-0.00226434,NA
"CA_TWL_ARDEV_y2008_Lbin19",-0.00487299,NA
"CA_TWL_ARDEV_y2008_Lbin20",-0.0163627,NA
"CA_TWL_ARDEV_y2008_Lbin21",-0.0338022,NA
"CA_TWL_ARDEV_y2008_Lbin22",-0.0469231,NA
"CA_TWL_ARDEV_y2008_Lbin23",-0.0829605,NA
"CA_TWL_ARDEV_y2008_Lbin24",-0.161444,NA
"CA_TWL_ARDEV_y2008_Lbin25",-0.224952,NA
"CA_TWL_ARDEV_y2008_Lbin26",-0.162303,NA
"CA_TWL_ARDEV_y2008_Lbin27",-0.181705,NA
"CA_TWL_ARDEV_y2008_Lbin28",-0.213265,NA
"CA_TWL_ARDEV_y2008_Lbin29",-0.214139,NA
"CA_TWL_ARDEV_y2008_Lbin30",-0.224712,NA
"CA_TWL_ARDEV_y2008_Lbin31",-0.19744,NA
"CA_TWL_ARDEV_y2008_Lbin32",-0.189299,NA
"CA_TWL_ARDEV_y2008_Lbin33",-0.19676,NA
"CA_TWL_ARDEV_y2008_Lbin34",0.0369397,NA
"CA_TWL_ARDEV_y2008_Lbin35",0.0224121,NA
"CA_TWL_ARDEV_y2008_Lbin36",0.638619,NA
"CA_TWL_ARDEV_y2008_Lbin37",0.394409,NA
"CA_TWL_ARDEV_y2008_Lbin38",0.44397,NA
"CA_TWL_ARDEV_y2009_Lbin10",-0.000512732,NA
"CA_TWL_ARDEV_y2009_Lbin11",-0.000521401,NA
"CA_TWL_ARDEV_y2009_Lbin12",-0.000599387,NA
"CA_TWL_ARDEV_y2009_Lbin13",-0.00105894,NA
"CA_TWL_ARDEV_y2009_Lbin14",-0.00207371,NA
"CA_TWL_ARDEV_y2009_Lbin15",-0.00342556,NA
"CA_TWL_ARDEV_y2009_Lbin16",-0.0046395,NA
"CA_TWL_ARDEV_y2009_Lbin17",-0.00539052,NA
"CA_TWL_ARDEV_y2009_Lbin18",-0.00614528,NA
"CA_TWL_ARDEV_y2009_Lbin19",-0.00840034,NA
"CA_TWL_ARDEV_y2009_Lbin20",-0.00943114,NA
"CA_TWL_ARDEV_y2009_Lbin21",-0.018072,NA
"CA_TWL_ARDEV_y2009_Lbin22",-0.0325711,NA
"CA_TWL_ARDEV_y2009_Lbin23",-0.0607368,NA
"CA_TWL_ARDEV_y2009_Lbin24",0.00213257,NA
"CA_TWL_ARDEV_y2009_Lbin25",0.00845499,NA
"CA_TWL_ARDEV_y2009_Lbin26",0.0983448,NA
"CA_TWL_ARDEV_y2009_Lbin27",0.236293,NA
"CA_TWL_ARDEV_y2009_Lbin28",-0.0743945,NA
"CA_TWL_ARDEV_y2009_Lbin29",0.00411704,NA
"CA_TWL_ARDEV_y2009_Lbin30",-0.0988209,NA
"CA_TWL_ARDEV_y2009_Lbin31",-0.0485251,NA
"CA_TWL_ARDEV_y2009_Lbin32",-0.162402,NA
"CA_TWL_ARDEV_y2009_Lbin33",-0.155854,NA
"CA_TWL_ARDEV_y2009_Lbin34",-0.138492,NA
"CA_TWL_ARDEV_y2009_Lbin35",-0.145682,NA
"CA_TWL_ARDEV_y2009_Lbin36",0.180884,NA
"CA_TWL_ARDEV_y2009_Lbin37",0.174845,NA
"CA_TWL_ARDEV_y2009_Lbin38",0.269678,NA
"CA_TWL_ARDEV_y2010_Lbin10",-0.00182701,NA
"CA_TWL_ARDEV_y2010_Lbin11",-0.00164193,NA
"CA_TWL_ARDEV_y2010_Lbin12",-0.00124828,NA
"CA_TWL_ARDEV_y2010_Lbin13",-0.00137988,NA
"CA_TWL_ARDEV_y2010_Lbin14",-0.0023793,NA
"CA_TWL_ARDEV_y2010_Lbin15",-0.004067,NA
"CA_TWL_ARDEV_y2010_Lbin16",-0.00611545,NA
"CA_TWL_ARDEV_y2010_Lbin17",-0.00849555,NA
"CA_TWL_ARDEV_y2010_Lbin18",-0.0118269,NA
"CA_TWL_ARDEV_y2010_Lbin19",-0.0170057,NA
"CA_TWL_ARDEV_y2010_Lbin20",-0.0246273,NA
"CA_TWL_ARDEV_y2010_Lbin21",-0.0362711,NA
"CA_TWL_ARDEV_y2010_Lbin22",-0.0517025,NA
"CA_TWL_ARDEV_y2010_Lbin23",-0.0819117,NA
"CA_TWL_ARDEV_y2010_Lbin24",-0.0818841,NA
"CA_TWL_ARDEV_y2010_Lbin25",-0.125723,NA
"CA_TWL_ARDEV_y2010_Lbin26",-0.118898,NA
"CA_TWL_ARDEV_y2010_Lbin27",-0.136324,NA
"CA_TWL_ARDEV_y2010_Lbin28",-0.136832,NA
"CA_TWL_ARDEV_y2010_Lbin29",-0.106808,NA
"CA_TWL_ARDEV_y2010_Lbin30",-0.0718232,NA
"CA_TWL_ARDEV_y2010_Lbin31",-0.0457993,NA
"CA_TWL_ARDEV_y2010_Lbin32",-0.153174,NA
"CA_TWL_ARDEV_y2010_Lbin33",-0.155814,NA
"CA_TWL_ARDEV_y2010_Lbin34",0.05656,NA
"CA_TWL_ARDEV_y2010_Lbin35",0.0691475,NA
"CA_TWL_ARDEV_y2010_Lbin36",0.267891,NA
"CA_TWL_ARDEV_y2010_Lbin37",0.280278,NA
"CA_TWL_ARDEV_y2010_Lbin38",0.586973,NA
"CA_TWL_ARDEV_y2011_Lbin10",-0.000736953,NA
"CA_TWL_ARDEV_y2011_Lbin11",-0.000721566,NA
"CA_TWL_ARDEV_y2011_Lbin12",0.00640314,NA
"CA_TWL_ARDEV_y2011_Lbin13",0.0104038,NA
"CA_TWL_ARDEV_y2011_Lbin14",-0.00237444,NA
"CA_TWL_ARDEV_y2011_Lbin15",-0.0039261,NA
"CA_TWL_ARDEV_y2011_Lbin16",-0.00522226,NA
"CA_TWL_ARDEV_y2011_Lbin17",-0.00606391,NA
"CA_TWL_ARDEV_y2011_Lbin18",-0.00655317,NA
"CA_TWL_ARDEV_y2011_Lbin19",-0.00760581,NA
"CA_TWL_ARDEV_y2011_Lbin20",-0.0100967,NA
"CA_TWL_ARDEV_y2011_Lbin21",-0.0141234,NA
"CA_TWL_ARDEV_y2011_Lbin22",-0.0203039,NA
"CA_TWL_ARDEV_y2011_Lbin23",-0.0299609,NA
"CA_TWL_ARDEV_y2011_Lbin24",0.00376773,NA
"CA_TWL_ARDEV_y2011_Lbin25",0.00569997,NA
"CA_TWL_ARDEV_y2011_Lbin26",0.0223129,NA
"CA_TWL_ARDEV_y2011_Lbin27",0.0268105,NA
"CA_TWL_ARDEV_y2011_Lbin28",-0.0255403,NA
"CA_TWL_ARDEV_y2011_Lbin29",-0.0249529,NA
"CA_TWL_ARDEV_y2011_Lbin30",-0.031036,NA
"CA_TWL_ARDEV_y2011_Lbin31",-0.029953,NA
"CA_TWL_ARDEV_y2011_Lbin32",0.0282401,NA
"CA_TWL_ARDEV_y2011_Lbin33",0.0294874,NA
"CA_TWL_ARDEV_y2011_Lbin34",0.053768,NA
"CA_TWL_ARDEV_y2011_Lbin35",0.0635258,NA
"CA_TWL_ARDEV_y2011_Lbin36",0.0181934,NA
"CA_TWL_ARDEV_y2011_Lbin37",0.0205685,NA
"CA_TWL_ARDEV_y2011_Lbin38",0.0301452,NA
"CA_TWL_ARDEV_y2012_Lbin10",-0.000437575,NA
"CA_TWL_ARDEV_y2012_Lbin11",-0.000584147,NA
"CA_TWL_ARDEV_y2012_Lbin12",-0.0017671,NA
"CA_TWL_ARDEV_y2012_Lbin13",-0.00404164,NA
"CA_TWL_ARDEV_y2012_Lbin14",-0.00839803,NA
"CA_TWL_ARDEV_y2012_Lbin15",-0.0144368,NA
"CA_TWL_ARDEV_y2012_Lbin16",-0.0203825,NA
"CA_TWL_ARDEV_y2012_Lbin17",-0.0267739,NA
"CA_TWL_ARDEV_y2012_Lbin18",-0.0331501,NA
"CA_TWL_ARDEV_y2012_Lbin19",-0.0441698,NA
"CA_TWL_ARDEV_y2012_Lbin20",-0.0600295,NA
"CA_TWL_ARDEV_y2012_Lbin21",-0.0756005,NA
"CA_TWL_ARDEV_y2012_Lbin22",-0.0784118,NA
"CA_TWL_ARDEV_y2012_Lbin23",-0.0925842,NA
"CA_TWL_ARDEV_y2012_Lbin24",-0.0738156,NA
"CA_TWL_ARDEV_y2012_Lbin25",-0.0895004,NA
"CA_TWL_ARDEV_y2012_Lbin26",-0.00657189,NA
"CA_TWL_ARDEV_y2012_Lbin27",-0.0064091,NA
"CA_TWL_ARDEV_y2012_Lbin28",-0.0787732,NA
"CA_TWL_ARDEV_y2012_Lbin29",-0.0733167,NA
"CA_TWL_ARDEV_y2012_Lbin30",-0.101094,NA
"CA_TWL_ARDEV_y2012_Lbin31",-0.09156,NA
"CA_TWL_ARDEV_y2012_Lbin32",-0.00897084,NA
"CA_TWL_ARDEV_y2012_Lbin33",0.00626466,NA
"CA_TWL_ARDEV_y2012_Lbin34",0.0633901,NA
"CA_TWL_ARDEV_y2012_Lbin35",0.0817937,NA
"CA_TWL_ARDEV_y2012_Lbin36",0.118747,NA
"CA_TWL_ARDEV_y2012_Lbin37",0.140469,NA
"CA_TWL_ARDEV_y2012_Lbin38",0.221555,NA
"CA_TWL_ARDEV_y2013_Lbin10",-0.00139853,NA
"CA_TWL_ARDEV_y2013_Lbin11",-0.00128935,NA
"CA_TWL_ARDEV_y2013_Lbin12",-0.00110431,NA
"CA_TWL_ARDEV_y2013_Lbin13",-0.00151631,NA
"CA_TWL_ARDEV_y2013_Lbin14",-0.00301835,NA
"CA_TWL_ARDEV_y2013_Lbin15",-0.00593953,NA
"CA_TWL_ARDEV_y2013_Lbin16",-0.0101058,NA
"CA_TWL_ARDEV_y2013_Lbin17",-0.0182247,NA
"CA_TWL_ARDEV_y2013_Lbin18",-0.0293832,NA
"CA_TWL_ARDEV_y2013_Lbin19",-0.048391,NA
"CA_TWL_ARDEV_y2013_Lbin20",-0.0599258,NA
"CA_TWL_ARDEV_y2013_Lbin21",-0.0822884,NA
"CA_TWL_ARDEV_y2013_Lbin22",-0.0770267,NA
"CA_TWL_ARDEV_y2013_Lbin23",-0.0929399,NA
"CA_TWL_ARDEV_y2013_Lbin24",-0.0506593,NA
"CA_TWL_ARDEV_y2013_Lbin25",-0.0566844,NA
"CA_TWL_ARDEV_y2013_Lbin26",0.024512,NA
"CA_TWL_ARDEV_y2013_Lbin27",0.0206156,NA
"CA_TWL_ARDEV_y2013_Lbin28",-0.0685964,NA
"CA_TWL_ARDEV_y2013_Lbin29",-0.0588967,NA
"CA_TWL_ARDEV_y2013_Lbin30",0.00348255,NA
"CA_TWL_ARDEV_y2013_Lbin31",-0.00242302,NA
"CA_TWL_ARDEV_y2013_Lbin32",0.00718383,NA
"CA_TWL_ARDEV_y2013_Lbin33",0.00582948,NA
"CA_TWL_ARDEV_y2013_Lbin34",0.180983,NA
"CA_TWL_ARDEV_y2013_Lbin35",0.237931,NA
"CA_TWL_ARDEV_y2013_Lbin36",0.155683,NA
"CA_TWL_ARDEV_y2013_Lbin37",0.190898,NA
"CA_TWL_ARDEV_y2013_Lbin38",0.152764,NA
"CA_TWL_ARDEV_y2014_Lbin10",-0.00238508,NA
"CA_TWL_ARDEV_y2014_Lbin11",-0.00229757,NA
"CA_TWL_ARDEV_y2014_Lbin12",-0.00226502,NA
"CA_TWL_ARDEV_y2014_Lbin13",-0.00352667,NA
"CA_TWL_ARDEV_y2014_Lbin14",-0.00669739,NA
"CA_TWL_ARDEV_y2014_Lbin15",-0.0112187,NA
"CA_TWL_ARDEV_y2014_Lbin16",-0.0146134,NA
"CA_TWL_ARDEV_y2014_Lbin17",-0.0188218,NA
"CA_TWL_ARDEV_y2014_Lbin18",-0.0271146,NA
"CA_TWL_ARDEV_y2014_Lbin19",-0.0410931,NA
"CA_TWL_ARDEV_y2014_Lbin20",-0.0571385,NA
"CA_TWL_ARDEV_y2014_Lbin21",-0.0919888,NA
"CA_TWL_ARDEV_y2014_Lbin22",-0.0910393,NA
"CA_TWL_ARDEV_y2014_Lbin23",-0.12808,NA
"CA_TWL_ARDEV_y2014_Lbin24",-0.139392,NA
"CA_TWL_ARDEV_y2014_Lbin25",-0.16227,NA
"CA_TWL_ARDEV_y2014_Lbin26",-0.200298,NA
"CA_TWL_ARDEV_y2014_Lbin27",-0.202875,NA
"CA_TWL_ARDEV_y2014_Lbin28",-0.156358,NA
"CA_TWL_ARDEV_y2014_Lbin29",-0.132713,NA
"CA_TWL_ARDEV_y2014_Lbin30",-0.128702,NA
"CA_TWL_ARDEV_y2014_Lbin31",-0.0970657,NA
"CA_TWL_ARDEV_y2014_Lbin32",-0.101234,NA
"CA_TWL_ARDEV_y2014_Lbin33",-0.0820631,NA
"CA_TWL_ARDEV_y2014_Lbin34",-0.0561404,NA
"CA_TWL_ARDEV_y2014_Lbin35",-0.0587686,NA
"CA_TWL_ARDEV_y2014_Lbin36",0.190377,NA
"CA_TWL_ARDEV_y2014_Lbin37",0.246952,NA
"CA_TWL_ARDEV_y2014_Lbin38",0.366765,NA
"CA_TWL_ARDEV_y2015_Lbin10",-0.00055537,NA
"CA_TWL_ARDEV_y2015_Lbin11",-0.000907101,NA
"CA_TWL_ARDEV_y2015_Lbin12",-0.00204519,NA
"CA_TWL_ARDEV_y2015_Lbin13",-0.00497307,NA
"CA_TWL_ARDEV_y2015_Lbin14",-0.0103179,NA
"CA_TWL_ARDEV_y2015_Lbin15",-0.0176309,NA
"CA_TWL_ARDEV_y2015_Lbin16",-0.0248733,NA
"CA_TWL_ARDEV_y2015_Lbin17",-0.0323218,NA
"CA_TWL_ARDEV_y2015_Lbin18",-0.0427098,NA
"CA_TWL_ARDEV_y2015_Lbin19",-0.0584429,NA
"CA_TWL_ARDEV_y2015_Lbin20",-0.0695067,NA
"CA_TWL_ARDEV_y2015_Lbin21",-0.0972064,NA
"CA_TWL_ARDEV_y2015_Lbin22",-0.112076,NA
"CA_TWL_ARDEV_y2015_Lbin23",-0.148543,NA
"CA_TWL_ARDEV_y2015_Lbin24",-0.0400233,NA
"CA_TWL_ARDEV_y2015_Lbin25",-0.0556361,NA
"CA_TWL_ARDEV_y2015_Lbin26",-0.124173,NA
"CA_TWL_ARDEV_y2015_Lbin27",-0.140821,NA
"CA_TWL_ARDEV_y2015_Lbin28",-0.201047,NA
"CA_TWL_ARDEV_y2015_Lbin29",-0.190486,NA
"CA_TWL_ARDEV_y2015_Lbin30",-0.0447614,NA
"CA_TWL_ARDEV_y2015_Lbin31",-0.0373748,NA
"CA_TWL_ARDEV_y2015_Lbin32",-0.0781455,NA
"CA_TWL_ARDEV_y2015_Lbin33",-0.0615578,NA
"CA_TWL_ARDEV_y2015_Lbin34",-0.0652638,NA
"CA_TWL_ARDEV_y2015_Lbin35",-0.0567437,NA
"CA_TWL_ARDEV_y2015_Lbin36",0.215309,NA
"CA_TWL_ARDEV_y2015_Lbin37",0.233655,NA
"CA_TWL_ARDEV_y2015_Lbin38",0.408382,NA
"CA_TWL_ARDEV_y2016_Lbin10",-0.000843747,NA
"CA_TWL_ARDEV_y2016_Lbin11",-0.000776653,NA
"CA_TWL_ARDEV_y2016_Lbin12",-0.000662233,NA
"CA_TWL_ARDEV_y2016_Lbin13",-0.000927574,NA
"CA_TWL_ARDEV_y2016_Lbin14",-0.00196639,NA
"CA_TWL_ARDEV_y2016_Lbin15",-0.00425552,NA
"CA_TWL_ARDEV_y2016_Lbin16",-0.0049966,NA
"CA_TWL_ARDEV_y2016_Lbin17",-0.00999813,NA
"CA_TWL_ARDEV_y2016_Lbin18",-0.0302414,NA
"CA_TWL_ARDEV_y2016_Lbin19",-0.0516731,NA
"CA_TWL_ARDEV_y2016_Lbin20",-0.0500037,NA
"CA_TWL_ARDEV_y2016_Lbin21",-0.0706971,NA
"CA_TWL_ARDEV_y2016_Lbin22",-0.0203069,NA
"CA_TWL_ARDEV_y2016_Lbin23",-0.0261166,NA
"CA_TWL_ARDEV_y2016_Lbin24",-0.019778,NA
"CA_TWL_ARDEV_y2016_Lbin25",-0.0233805,NA
"CA_TWL_ARDEV_y2016_Lbin26",-0.102803,NA
"CA_TWL_ARDEV_y2016_Lbin27",-0.109071,NA
"CA_TWL_ARDEV_y2016_Lbin28",-0.0887735,NA
"CA_TWL_ARDEV_y2016_Lbin29",-0.0850972,NA
"CA_TWL_ARDEV_y2016_Lbin30",-0.0487378,NA
"CA_TWL_ARDEV_y2016_Lbin31",-0.0421289,NA
"CA_TWL_ARDEV_y2016_Lbin32",-0.0622092,NA
"CA_TWL_ARDEV_y2016_Lbin33",-0.0525564,NA
"CA_TWL_ARDEV_y2016_Lbin34",-0.0764463,NA
"CA_TWL_ARDEV_y2016_Lbin35",-0.0631775,NA
"CA_TWL_ARDEV_y2016_Lbin36",-0.0205184,NA
"CA_TWL_ARDEV_y2016_Lbin37",-0.0190209,NA
"CA_TWL_ARDEV_y2016_Lbin38",0.371984,NA
"CA_TWL_ARDEV_y2017_Lbin10",-0.000366526,NA
"CA_TWL_ARDEV_y2017_Lbin11",-0.00046968,NA
"CA_TWL_ARDEV_y2017_Lbin12",-0.000824371,NA
"CA_TWL_ARDEV_y2017_Lbin13",-0.00184255,NA
"CA_TWL_ARDEV_y2017_Lbin14",-0.00379639,NA
"CA_TWL_ARDEV_y2017_Lbin15",-0.00646354,NA
"CA_TWL_ARDEV_y2017_Lbin16",-0.00779067,NA
"CA_TWL_ARDEV_y2017_Lbin17",-0.0104957,NA
"CA_TWL_ARDEV_y2017_Lbin18",-0.0156641,NA
"CA_TWL_ARDEV_y2017_Lbin19",-0.0265356,NA
"CA_TWL_ARDEV_y2017_Lbin20",-0.0382558,NA
"CA_TWL_ARDEV_y2017_Lbin21",-0.0670319,NA
"CA_TWL_ARDEV_y2017_Lbin22",-0.0447798,NA
"CA_TWL_ARDEV_y2017_Lbin23",-0.0672151,NA
"CA_TWL_ARDEV_y2017_Lbin24",-0.0907914,NA
"CA_TWL_ARDEV_y2017_Lbin25",-0.111883,NA
"CA_TWL_ARDEV_y2017_Lbin26",-0.107934,NA
"CA_TWL_ARDEV_y2017_Lbin27",-0.111978,NA
"CA_TWL_ARDEV_y2017_Lbin28",-0.167625,NA
"CA_TWL_ARDEV_y2017_Lbin29",-0.155431,NA
"CA_TWL_ARDEV_y2017_Lbin30",-0.118886,NA
"CA_TWL_ARDEV_y2017_Lbin31",-0.10748,NA
"CA_TWL_ARDEV_y2017_Lbin32",-0.0969287,NA
"CA_TWL_ARDEV_y2017_Lbin33",-0.0858234,NA
"CA_TWL_ARDEV_y2017_Lbin34",0.0596648,NA
"CA_TWL_ARDEV_y2017_Lbin35",0.0525734,NA
"CA_TWL_ARDEV_y2017_Lbin36",-0.00381872,NA
"CA_TWL_ARDEV_y2017_Lbin37",-0.0020351,NA
"CA_TWL_ARDEV_y2017_Lbin38",0.256081,NA
"CA_TWL_ARDEV_y2018_Lbin10",-0.000420868,NA
"CA_TWL_ARDEV_y2018_Lbin11",-0.000449611,NA
"CA_TWL_ARDEV_y2018_Lbin12",0.00203245,NA
"CA_TWL_ARDEV_y2018_Lbin13",0.00405194,NA
"CA_TWL_ARDEV_y2018_Lbin14",0.00143275,NA
"CA_TWL_ARDEV_y2018_Lbin15",0.00282845,NA
"CA_TWL_ARDEV_y2018_Lbin16",0.0181145,NA
"CA_TWL_ARDEV_y2018_Lbin17",0.032986,NA
"CA_TWL_ARDEV_y2018_Lbin18",0.0370948,NA
"CA_TWL_ARDEV_y2018_Lbin19",0.0664564,NA
"CA_TWL_ARDEV_y2018_Lbin20",-0.0528534,NA
"CA_TWL_ARDEV_y2018_Lbin21",-0.0819975,NA
"CA_TWL_ARDEV_y2018_Lbin22",-0.138901,NA
"CA_TWL_ARDEV_y2018_Lbin23",-0.198891,NA
"CA_TWL_ARDEV_y2018_Lbin24",-0.199143,NA
"CA_TWL_ARDEV_y2018_Lbin25",-0.260612,NA
"CA_TWL_ARDEV_y2018_Lbin26",-0.209237,NA
"CA_TWL_ARDEV_y2018_Lbin27",-0.250036,NA
"CA_TWL_ARDEV_y2018_Lbin28",-0.157074,NA
"CA_TWL_ARDEV_y2018_Lbin29",-0.155622,NA
"CA_TWL_ARDEV_y2018_Lbin30",0.00620791,NA
"CA_TWL_ARDEV_y2018_Lbin31",0.00346018,NA
"CA_TWL_ARDEV_y2018_Lbin32",0.295225,NA
"CA_TWL_ARDEV_y2018_Lbin33",0.224499,NA
"CA_TWL_ARDEV_y2018_Lbin34",0.445547,NA
"CA_TWL_ARDEV_y2018_Lbin35",0.320377,NA
"CA_TWL_ARDEV_y2018_Lbin36",0.269881,NA
"CA_TWL_ARDEV_y2018_Lbin37",0.212514,NA
"CA_TWL_ARDEV_y2018_Lbin38",-0.0251371,NA
"CA_TWL_ARDEV_y2019_Lbin10",-0.000153087,NA
"CA_TWL_ARDEV_y2019_Lbin11",-0.000199731,NA
"CA_TWL_ARDEV_y2019_Lbin12",-0.000370619,NA
"CA_TWL_ARDEV_y2019_Lbin13",-0.000849972,NA
"CA_TWL_ARDEV_y2019_Lbin14",0.000755603,NA
"CA_TWL_ARDEV_y2019_Lbin15",0.0013786,NA
"CA_TWL_ARDEV_y2019_Lbin16",0.00255435,NA
"CA_TWL_ARDEV_y2019_Lbin17",0.00416221,NA
"CA_TWL_ARDEV_y2019_Lbin18",-0.00573351,NA
"CA_TWL_ARDEV_y2019_Lbin19",-0.0106385,NA
"CA_TWL_ARDEV_y2019_Lbin20",0.00413406,NA
"CA_TWL_ARDEV_y2019_Lbin21",0.00751634,NA
"CA_TWL_ARDEV_y2019_Lbin22",0.0444389,NA
"CA_TWL_ARDEV_y2019_Lbin23",0.0723666,NA
"CA_TWL_ARDEV_y2019_Lbin24",0.0483726,NA
"CA_TWL_ARDEV_y2019_Lbin25",0.0575696,NA
"CA_TWL_ARDEV_y2019_Lbin26",-0.111033,NA
"CA_TWL_ARDEV_y2019_Lbin27",-0.150927,NA
"CA_TWL_ARDEV_y2019_Lbin28",-0.241944,NA
"CA_TWL_ARDEV_y2019_Lbin29",-0.22281,NA
"CA_TWL_ARDEV_y2019_Lbin30",0.0483837,NA
"CA_TWL_ARDEV_y2019_Lbin31",0.117098,NA
"CA_TWL_ARDEV_y2019_Lbin32",0.23125,NA
"CA_TWL_ARDEV_y2019_Lbin33",0.25659,NA
"CA_TWL_ARDEV_y2019_Lbin34",0.227977,NA
"CA_TWL_ARDEV_y2019_Lbin35",0.215052,NA
"CA_TWL_ARDEV_y2019_Lbin36",-0.0405866,NA
"CA_TWL_ARDEV_y2019_Lbin37",-0.0304231,NA
"CA_TWL_ARDEV_y2019_Lbin38",-0.0968766,NA
"CA_TWL_ARDEV_y2020_Lbin10",-0.000311061,NA
"CA_TWL_ARDEV_y2020_Lbin11",-0.000294542,NA
"CA_TWL_ARDEV_y2020_Lbin12",-0.000279196,NA
"CA_TWL_ARDEV_y2020_Lbin13",-0.000430317,NA
"CA_TWL_ARDEV_y2020_Lbin14",-0.000902968,NA
"CA_TWL_ARDEV_y2020_Lbin15",-0.00178428,NA
"CA_TWL_ARDEV_y2020_Lbin16",-0.00137288,NA
"CA_TWL_ARDEV_y2020_Lbin17",-0.00247657,NA
"CA_TWL_ARDEV_y2020_Lbin18",-0.0112177,NA
"CA_TWL_ARDEV_y2020_Lbin19",-0.0212743,NA
"CA_TWL_ARDEV_y2020_Lbin20",-0.0367744,NA
"CA_TWL_ARDEV_y2020_Lbin21",-0.0647599,NA
"CA_TWL_ARDEV_y2020_Lbin22",-0.0628438,NA
"CA_TWL_ARDEV_y2020_Lbin23",-0.101502,NA
"CA_TWL_ARDEV_y2020_Lbin24",-0.102694,NA
"CA_TWL_ARDEV_y2020_Lbin25",-0.143375,NA
"CA_TWL_ARDEV_y2020_Lbin26",-0.1553,NA
"CA_TWL_ARDEV_y2020_Lbin27",-0.184032,NA
"CA_TWL_ARDEV_y2020_Lbin28",-0.368742,NA
"CA_TWL_ARDEV_y2020_Lbin29",-0.372916,NA
"CA_TWL_ARDEV_y2020_Lbin30",-0.10405,NA
"CA_TWL_ARDEV_y2020_Lbin31",-0.0385779,NA
"CA_TWL_ARDEV_y2020_Lbin32",0.304119,NA
"CA_TWL_ARDEV_y2020_Lbin33",0.387581,NA
"CA_TWL_ARDEV_y2020_Lbin34",0.534638,NA
"CA_TWL_ARDEV_y2020_Lbin35",0.517584,NA
"CA_TWL_ARDEV_y2020_Lbin36",0.253416,NA
"CA_TWL_ARDEV_y2020_Lbin37",0.229925,NA
"CA_TWL_ARDEV_y2020_Lbin38",-0.0759892,NA
"CA_TWL_ARDEV_y2021_Lbin10",-0.000610645,NA
"CA_TWL_ARDEV_y2021_Lbin11",-0.000578764,NA
"CA_TWL_ARDEV_y2021_Lbin12",0.000108358,NA
"CA_TWL_ARDEV_y2021_Lbin13",0.000160611,NA
"CA_TWL_ARDEV_y2021_Lbin14",-0.00130064,NA
"CA_TWL_ARDEV_y2021_Lbin15",-0.00221166,NA
"CA_TWL_ARDEV_y2021_Lbin16",-0.00309077,NA
"CA_TWL_ARDEV_y2021_Lbin17",-0.00427285,NA
"CA_TWL_ARDEV_y2021_Lbin18",-0.00773779,NA
"CA_TWL_ARDEV_y2021_Lbin19",-0.0135294,NA
"CA_TWL_ARDEV_y2021_Lbin20",-0.0227535,NA
"CA_TWL_ARDEV_y2021_Lbin21",-0.043646,NA
"CA_TWL_ARDEV_y2021_Lbin22",-0.0690313,NA
"CA_TWL_ARDEV_y2021_Lbin23",-0.117527,NA
"CA_TWL_ARDEV_y2021_Lbin24",-0.102821,NA
"CA_TWL_ARDEV_y2021_Lbin25",-0.146822,NA
"CA_TWL_ARDEV_y2021_Lbin26",-0.13214,NA
"CA_TWL_ARDEV_y2021_Lbin27",-0.15538,NA
"CA_TWL_ARDEV_y2021_Lbin28",-0.280659,NA
"CA_TWL_ARDEV_y2021_Lbin29",-0.283548,NA
"CA_TWL_ARDEV_y2021_Lbin30",-0.279098,NA
"CA_TWL_ARDEV_y2021_Lbin31",-0.262186,NA
"CA_TWL_ARDEV_y2021_Lbin32",0.0822249,NA
"CA_TWL_ARDEV_y2021_Lbin33",0.129179,NA
"CA_TWL_ARDEV_y2021_Lbin34",0.368788,NA
"CA_TWL_ARDEV_y2021_Lbin35",0.388369,NA
"CA_TWL_ARDEV_y2021_Lbin36",0.359301,NA
"CA_TWL_ARDEV_y2021_Lbin37",0.335545,NA
"CA_TWL_ARDEV_y2021_Lbin38",0.130157,NA
"CA_TWL_ARDEV_y2022_Lbin10",0.00259673,NA
"CA_TWL_ARDEV_y2022_Lbin11",0.0025188,NA
"CA_TWL_ARDEV_y2022_Lbin12",-4.16313e-05,NA
"CA_TWL_ARDEV_y2022_Lbin13",-6.7753e-05,NA
"CA_TWL_ARDEV_y2022_Lbin14",-0.00108864,NA
"CA_TWL_ARDEV_y2022_Lbin15",-0.00183804,NA
"CA_TWL_ARDEV_y2022_Lbin16",-0.00365687,NA
"CA_TWL_ARDEV_y2022_Lbin17",-0.00468586,NA
"CA_TWL_ARDEV_y2022_Lbin18",-0.00260477,NA
"CA_TWL_ARDEV_y2022_Lbin19",-0.00352401,NA
"CA_TWL_ARDEV_y2022_Lbin20",-0.00652315,NA
"CA_TWL_ARDEV_y2022_Lbin21",-0.0107334,NA
"CA_TWL_ARDEV_y2022_Lbin22",-0.0223353,NA
"CA_TWL_ARDEV_y2022_Lbin23",-0.0392568,NA
"CA_TWL_ARDEV_y2022_Lbin24",-0.042924,NA
"CA_TWL_ARDEV_y2022_Lbin25",-0.0645892,NA
"CA_TWL_ARDEV_y2022_Lbin26",-0.0377224,NA
"CA_TWL_ARDEV_y2022_Lbin27",-0.0515193,NA
"CA_TWL_ARDEV_y2022_Lbin28",0.0595766,NA
"CA_TWL_ARDEV_y2022_Lbin29",0.0286011,NA
"CA_TWL_ARDEV_y2022_Lbin30",0.0222569,NA
"CA_TWL_ARDEV_y2022_Lbin31",0.0643365,NA
"CA_TWL_ARDEV_y2022_Lbin32",-0.0614403,NA
"CA_TWL_ARDEV_y2022_Lbin33",-0.0491106,NA
"CA_TWL_ARDEV_y2022_Lbin34",0.0199809,NA
"CA_TWL_ARDEV_y2022_Lbin35",0.024426,NA
"CA_TWL_ARDEV_y2022_Lbin36",0.123271,NA
"CA_TWL_ARDEV_y2022_Lbin37",0.126887,NA
"CA_TWL_ARDEV_y2022_Lbin38",0.106029,NA
"CA_TWL_ARDEV_y2023_Lbin10",-0.00031514,NA
"CA_TWL_ARDEV_y2023_Lbin11",-0.000408025,NA
"CA_TWL_ARDEV_y2023_Lbin12",-0.00073396,NA
"CA_TWL_ARDEV_y2023_Lbin13",-0.00165505,NA
"CA_TWL_ARDEV_y2023_Lbin14",-0.00344439,NA
"CA_TWL_ARDEV_y2023_Lbin15",-0.00591727,NA
"CA_TWL_ARDEV_y2023_Lbin16",-0.00504291,NA
"CA_TWL_ARDEV_y2023_Lbin17",-0.00657333,NA
"CA_TWL_ARDEV_y2023_Lbin18",-0.0097309,NA
"CA_TWL_ARDEV_y2023_Lbin19",-0.0134992,NA
"CA_TWL_ARDEV_y2023_Lbin20",-0.023739,NA
"CA_TWL_ARDEV_y2023_Lbin21",-0.0345021,NA
"CA_TWL_ARDEV_y2023_Lbin22",-0.060787,NA
"CA_TWL_ARDEV_y2023_Lbin23",-0.0906253,NA
"CA_TWL_ARDEV_y2023_Lbin24",-0.104183,NA
"CA_TWL_ARDEV_y2023_Lbin25",-0.146804,NA
"CA_TWL_ARDEV_y2023_Lbin26",-0.0567705,NA
"CA_TWL_ARDEV_y2023_Lbin27",-0.0703125,NA
"CA_TWL_ARDEV_y2023_Lbin28",-0.0527155,NA
"CA_TWL_ARDEV_y2023_Lbin29",-0.0785683,NA
"CA_TWL_ARDEV_y2023_Lbin30",-0.0815531,NA
"CA_TWL_ARDEV_y2023_Lbin31",-0.0701107,NA
"CA_TWL_ARDEV_y2023_Lbin32",0.0714299,NA
"CA_TWL_ARDEV_y2023_Lbin33",0.115151,NA
"CA_TWL_ARDEV_y2023_Lbin34",0.0842278,NA
"CA_TWL_ARDEV_y2023_Lbin35",0.10445,NA
"CA_TWL_ARDEV_y2023_Lbin36",0.223483,NA
"CA_TWL_ARDEV_y2023_Lbin37",0.240479,NA
"CA_TWL_ARDEV_y2023_Lbin38",0.276817,NA
"CA_TWL_ARDEV_y2024_Lbin10",-0.000980884,NA
"CA_TWL_ARDEV_y2024_Lbin11",-0.000912117,NA
"CA_TWL_ARDEV_y2024_Lbin12",-0.000801938,NA
"CA_TWL_ARDEV_y2024_Lbin13",-0.001133,NA
"CA_TWL_ARDEV_y2024_Lbin14",-0.00226753,NA
"CA_TWL_ARDEV_y2024_Lbin15",-0.00439329,NA
"CA_TWL_ARDEV_y2024_Lbin16",-0.00753666,NA
"CA_TWL_ARDEV_y2024_Lbin17",-0.0132953,NA
"CA_TWL_ARDEV_y2024_Lbin18",-0.022985,NA
"CA_TWL_ARDEV_y2024_Lbin19",-0.03808,NA
"CA_TWL_ARDEV_y2024_Lbin20",-0.0591156,NA
"CA_TWL_ARDEV_y2024_Lbin21",-0.0838638,NA
"CA_TWL_ARDEV_y2024_Lbin22",-0.114025,NA
"CA_TWL_ARDEV_y2024_Lbin23",-0.152832,NA
"CA_TWL_ARDEV_y2024_Lbin24",-0.165694,NA
"CA_TWL_ARDEV_y2024_Lbin25",-0.211939,NA
"CA_TWL_ARDEV_y2024_Lbin26",-0.116042,NA
"CA_TWL_ARDEV_y2024_Lbin27",-0.128111,NA
"CA_TWL_ARDEV_y2024_Lbin28",-0.144432,NA
"CA_TWL_ARDEV_y2024_Lbin29",-0.140956,NA
"CA_TWL_ARDEV_y2024_Lbin30",-0.169715,NA
"CA_TWL_ARDEV_y2024_Lbin31",-0.128387,NA
"CA_TWL_ARDEV_y2024_Lbin32",0.0591407,NA
"CA_TWL_ARDEV_y2024_Lbin33",0.142451,NA
"CA_TWL_ARDEV_y2024_Lbin34",0.186608,NA
"CA_TWL_ARDEV_y2024_Lbin35",0.239519,NA
"CA_TWL_ARDEV_y2024_Lbin36",0.426018,NA
"CA_TWL_ARDEV_y2024_Lbin37",0.500426,NA
"CA_TWL_ARDEV_y2024_Lbin38",0.499588,NA
"Size_DblN_peak_CA_TWL(3)",NA,44.6987
"Size_DblN_top_logit_CA_TWL(3)",NA,-6
"Size_DblN_ascend_se_CA_TWL(3)",NA,4.51202
"Size_DblN_descend_se_CA_TWL(3)",NA,2.98744
"Size_DblN_start_logit_CA_TWL(3)",NA,-10
"Size_DblN_end_logit_CA_TWL(3)",NA,-999
"Size_DblN_peak_CA_TWL(3)_BLK3repl_1875",NA,33.4902
"Size_DblN_ascend_se_CA_TWL(3)_BLK3repl_1875",NA,3.21286
"Size_DblN_descend_se_CA_TWL(3)_BLK3repl_1875",NA,19
"Bratio_2025",0.577632,0.593059
"SSB_unfished",13601,13903.6
"Totbio_unfished",59823.4,60830.5
"Recr_unfished",27874.3,27998.3
"Dead_Catch_SPR",2461.21,2493.65
"OFLCatch_2025",2708.11,2834.36
